subject_id,session_id,difficulty_level,run_id,run_key,has_eye_tracking,has_ecg,has_eda,has_emg,has_respiration,has_head_movement,has_xplane,has_control_input,has_performance,available_modality_count,available_modalities
sub-cp003,ses-20210206,level-000,run-001,sub-cp003_ses-20210206_level-000_run-001,True,True,True,True,True,True,True,False,False,7,ecg;eda;emg;eye_tracking;head_movement;respiration;xplane
sub-cp003,ses-20210206,level-000,run-002,sub-cp003_ses-20210206_level-000_run-002,True,True,True,True,True,True,True,False,False,7,ecg;eda;emg;eye_tracking;head_movement;respiration;xplane
sub-cp003,ses-20210206,level-01B,run-001,sub-cp003_ses-20210206_level-01B_run-001,True,True,True,True,True,True,True,False,True,8,ecg;eda;emg;eye_tracking;head_movement;performance;respiration;xplane
sub-cp003,ses-20210206,level-01B,run-007,sub-cp003_ses-20210206_level-01B_run-007,True,True,True,True,True,True,True,False,True,8,ecg;eda;emg;eye_tracking;head_movement;performance;respiration;xplane
sub-cp003,ses-20210206,level-01B,run-012,sub-cp003_ses-20210206_level-01B_run-012,True,True,True,True,True,True,True,False,True,8,ecg;eda;emg;eye_tracking;head_movement;performance;respiration;xplane
sub-cp003,ses-20210206,level-02B,run-003,sub-cp003_ses-20210206_level-02B_run-003,True,True,True,True,True,True,True,False,True,8,ecg;eda;emg;eye_tracking;head_movement;performance;respiration;xplane
sub-cp003,ses-20210206,level-02B,run-008,sub-cp003_ses-20210206_level-02B_run-008,True,True,True,True,True,True,True,False,True,8,ecg;eda;emg;eye_tracking;head_movement;performance;respiration;xplane
sub-cp003,ses-20210206,level-02B,run-010,sub-cp003_ses-20210206_level-02B_run-010,True,True,True,True,True,True,True,False,True,8,ecg;eda;emg;eye_tracking;head_movement;performance;respiration;xplane
sub-cp003,ses-20210206,level-03B,run-002,sub-cp003_ses-20210206_level-03B_run-002,True,True,True,True,True,True,True,False,True,8,ecg;eda;emg;eye_tracking;head_movement;performance;respiration;xplane
sub-cp003,ses-20210206,level-03B,run-005,sub-cp003_ses-20210206_level-03B_run-005,True,True,True,True,True,True,True,False,True,8,ecg;eda;emg;eye_tracking;head_movement;performance;respiration;xplane
sub-cp003,ses-20210206,level-03B,run-011,sub-cp003_ses-20210206_level-03B_run-011,True,True,True,True,True,True,True,False,True,8,ecg;eda;emg;eye_tracking;head_movement;performance;respiration;xplane
sub-cp003,ses-20210206,level-04B,run-004,sub-cp003_ses-20210206_level-04B_run-004,True,True,True,True,True,True,True,False,True,8,ecg;eda;emg;eye_tracking;head_movement;performance;respiration;xplane
sub-cp003,ses-20210206,level-04B,run-006,sub-cp003_ses-20210206_level-04B_run-006,True,True,True,True,True,True,True,False,True,8,ecg;eda;emg;eye_tracking;head_movement;performance;respiration;xplane
sub-cp003,ses-20210206,level-04B,run-009,sub-cp003_ses-20210206_level-04B_run-009,True,True,True,True,True,True,True,False,True,8,ecg;eda;emg;eye_tracking;head_movement;performance;respiration;xplane
sub-cp004,ses-20210330,level-000,run-001,sub-cp004_ses-20210330_level-000_run-001,True,True,True,True,True,True,True,False,False,7,ecg;eda;emg;eye_tracking;head_movement;respiration;xplane
sub-cp004,ses-20210330,level-000,run-002,sub-cp004_ses-20210330_level-000_run-002,True,True,True,True,True,True,True,False,False,7,ecg;eda;emg;eye_tracking;head_movement;respiration;xplane
sub-cp004,ses-20210330,level-01B,run-001,sub-cp004_ses-20210330_level-01B_run-001,True,True,True,True,True,True,True,False,True,8,ecg;eda;emg;eye_tracking;head_movement;performance;respiration;xplane
sub-cp004,ses-20210330,level-01B,run-007,sub-cp004_ses-20210330_level-01B_run-007,True,True,True,True,True,True,True,False,True,8,ecg;eda;emg;eye_tracking;head_movement;performance;respiration;xplane
sub-cp004,ses-20210330,level-01B,run-012,sub-cp004_ses-20210330_level-01B_run-012,True,True,True,True,True,True,True,False,True,8,ecg;eda;emg;eye_tracking;head_movement;performance;respiration;xplane
sub-cp004,ses-20210330,level-02B,run-003,sub-cp004_ses-20210330_level-02B_run-003,True,True,True,True,True,True,True,False,True,8,ecg;eda;emg;eye_tracking;head_movement;performance;respiration;xplane
sub-cp004,ses-20210330,level-02B,run-008,sub-cp004_ses-20210330_level-02B_run-008,True,True,True,True,True,True,True,False,True,8,ecg;eda;emg;eye_tracking;head_movement;performance;respiration;xplane
sub-cp004,ses-20210330,level-02B,run-010,sub-cp004_ses-20210330_level-02B_run-010,True,True,True,True,True,True,True,False,True,8,ecg;eda;emg;eye_tracking;head_movement;performance;respiration;xplane
sub-cp004,ses-20210330,level-03B,run-002,sub-cp004_ses-20210330_level-03B_run-002,True,True,True,True,True,True,True,False,True,8,ecg;eda;emg;eye_tracking;head_movement;performance;respiration;xplane
sub-cp004,ses-20210330,level-03B,run-005,sub-cp004_ses-20210330_level-03B_run-005,True,True,True,True,True,True,True,False,True,8,ecg;eda;emg;eye_tracking;head_movement;performance;respiration;xplane
sub-cp004,ses-20210330,level-03B,run-011,sub-cp004_ses-20210330_level-03B_run-011,True,True,True,True,True,True,True,False,True,8,ecg;eda;emg;eye_tracking;head_movement;performance;respiration;xplane
sub-cp004,ses-20210330,level-04B,run-004,sub-cp004_ses-20210330_level-04B_run-004,True,True,True,True,True,True,True,False,True,8,ecg;eda;emg;eye_tracking;head_movement;performance;respiration;xplane
sub-cp004,ses-20210330,level-04B,run-006,sub-cp004_ses-20210330_level-04B_run-006,True,True,True,True,True,True,True,False,True,8,ecg;eda;emg;eye_tracking;head_movement;performance;respiration;xplane
sub-cp004,ses-20210330,level-04B,run-009,sub-cp004_ses-20210330_level-04B_run-009,True,True,True,True,True,True,True,False,True,8,ecg;eda;emg;eye_tracking;head_movement;performance;respiration;xplane
sub-cp005,ses-20210226,level-000,run-001,sub-cp005_ses-20210226_level-000_run-001,True,True,True,True,True,True,True,False,False,7,ecg;eda;emg;eye_tracking;head_movement;respiration;xplane
sub-cp005,ses-20210226,level-000,run-002,sub-cp005_ses-20210226_level-000_run-002,True,True,False,True,True,True,True,False,False,6,ecg;emg;eye_tracking;head_movement;respiration;xplane
sub-cp005,ses-20210226,level-01B,run-001,sub-cp005_ses-20210226_level-01B_run-001,True,True,True,True,True,True,True,False,True,8,ecg;eda;emg;eye_tracking;head_movement;performance;respiration;xplane
sub-cp005,ses-20210226,level-01B,run-007,sub-cp005_ses-20210226_level-01B_run-007,True,True,False,True,True,True,True,False,True,7,ecg;emg;eye_tracking;head_movement;performance;respiration;xplane
sub-cp005,ses-20210226,level-01B,run-012,sub-cp005_ses-20210226_level-01B_run-012,True,True,False,True,True,True,True,False,True,7,ecg;emg;eye_tracking;head_movement;performance;respiration;xplane
sub-cp005,ses-20210226,level-02B,run-003,sub-cp005_ses-20210226_level-02B_run-003,True,True,False,True,True,True,True,False,True,7,ecg;emg;eye_tracking;head_movement;performance;respiration;xplane
sub-cp005,ses-20210226,level-02B,run-008,sub-cp005_ses-20210226_level-02B_run-008,True,True,False,True,True,True,True,False,True,7,ecg;emg;eye_tracking;head_movement;performance;respiration;xplane
sub-cp005,ses-20210226,level-02B,run-010,sub-cp005_ses-20210226_level-02B_run-010,True,True,False,True,True,True,True,False,True,7,ecg;emg;eye_tracking;head_movement;performance;respiration;xplane
sub-cp005,ses-20210226,level-03B,run-002,sub-cp005_ses-20210226_level-03B_run-002,True,True,False,True,True,True,True,False,True,7,ecg;emg;eye_tracking;head_movement;performance;respiration;xplane
sub-cp005,ses-20210226,level-03B,run-005,sub-cp005_ses-20210226_level-03B_run-005,True,True,False,True,True,True,True,False,True,7,ecg;emg;eye_tracking;head_movement;performance;respiration;xplane
sub-cp005,ses-20210226,level-03B,run-011,sub-cp005_ses-20210226_level-03B_run-011,True,True,False,True,True,True,True,False,True,7,ecg;emg;eye_tracking;head_movement;performance;respiration;xplane
sub-cp005,ses-20210226,level-04B,run-004,sub-cp005_ses-20210226_level-04B_run-004,True,True,False,True,True,True,True,False,True,7,ecg;emg;eye_tracking;head_movement;performance;respiration;xplane
sub-cp005,ses-20210226,level-04B,run-006,sub-cp005_ses-20210226_level-04B_run-006,True,True,False,True,True,True,True,False,True,7,ecg;emg;eye_tracking;head_movement;performance;respiration;xplane
sub-cp005,ses-20210226,level-04B,run-009,sub-cp005_ses-20210226_level-04B_run-009,True,True,False,True,True,True,True,False,True,7,ecg;emg;eye_tracking;head_movement;performance;respiration;xplane
sub-cp006,ses-20210324,level-000,run-001,sub-cp006_ses-20210324_level-000_run-001,True,True,True,True,True,True,True,False,False,7,ecg;eda;emg;eye_tracking;head_movement;respiration;xplane
sub-cp006,ses-20210324,level-000,run-002,sub-cp006_ses-20210324_level-000_run-002,True,True,True,True,True,True,True,False,False,7,ecg;eda;emg;eye_tracking;head_movement;respiration;xplane
sub-cp006,ses-20210324,level-01B,run-001,sub-cp006_ses-20210324_level-01B_run-001,True,True,True,True,True,True,True,False,True,8,ecg;eda;emg;eye_tracking;head_movement;performance;respiration;xplane
sub-cp006,ses-20210324,level-01B,run-007,sub-cp006_ses-20210324_level-01B_run-007,True,True,True,True,True,True,True,False,True,8,ecg;eda;emg;eye_tracking;head_movement;performance;respiration;xplane
sub-cp006,ses-20210324,level-01B,run-012,sub-cp006_ses-20210324_level-01B_run-012,True,True,True,True,True,True,True,False,True,8,ecg;eda;emg;eye_tracking;head_movement;performance;respiration;xplane
sub-cp006,ses-20210324,level-02B,run-003,sub-cp006_ses-20210324_level-02B_run-003,True,True,True,True,True,True,True,False,True,8,ecg;eda;emg;eye_tracking;head_movement;performance;respiration;xplane
sub-cp006,ses-20210324,level-02B,run-008,sub-cp006_ses-20210324_level-02B_run-008,True,True,True,True,True,True,True,False,True,8,ecg;eda;emg;eye_tracking;head_movement;performance;respiration;xplane
sub-cp006,ses-20210324,level-02B,run-010,sub-cp006_ses-20210324_level-02B_run-010,True,True,True,True,True,True,True,False,True,8,ecg;eda;emg;eye_tracking;head_movement;performance;respiration;xplane
sub-cp006,ses-20210324,level-03B,run-002,sub-cp006_ses-20210324_level-03B_run-002,True,True,True,True,True,True,True,False,True,8,ecg;eda;emg;eye_tracking;head_movement;performance;respiration;xplane
sub-cp006,ses-20210324,level-03B,run-005,sub-cp006_ses-20210324_level-03B_run-005,True,True,True,True,True,True,True,False,True,8,ecg;eda;emg;eye_tracking;head_movement;performance;respiration;xplane
sub-cp006,ses-20210324,level-03B,run-011,sub-cp006_ses-20210324_level-03B_run-011,True,True,True,True,True,True,True,False,True,8,ecg;eda;emg;eye_tracking;head_movement;performance;respiration;xplane
sub-cp006,ses-20210324,level-04B,run-004,sub-cp006_ses-20210324_level-04B_run-004,True,True,True,True,True,True,True,False,True,8,ecg;eda;emg;eye_tracking;head_movement;performance;respiration;xplane
sub-cp006,ses-20210324,level-04B,run-006,sub-cp006_ses-20210324_level-04B_run-006,True,True,True,True,True,True,True,False,True,8,ecg;eda;emg;eye_tracking;head_movement;performance;respiration;xplane
sub-cp006,ses-20210324,level-04B,run-009,sub-cp006_ses-20210324_level-04B_run-009,True,True,True,True,True,True,True,False,True,8,ecg;eda;emg;eye_tracking;head_movement;performance;respiration;xplane
sub-cp008,ses-20210503,level-000,run-001,sub-cp008_ses-20210503_level-000_run-001,True,True,True,True,True,True,True,False,False,7,ecg;eda;emg;eye_tracking;head_movement;respiration;xplane
sub-cp008,ses-20210503,level-000,run-002,sub-cp008_ses-20210503_level-000_run-002,True,True,True,True,True,True,True,False,False,7,ecg;eda;emg;eye_tracking;head_movement;respiration;xplane
sub-cp008,ses-20210503,level-01B,run-001,sub-cp008_ses-20210503_level-01B_run-001,True,True,True,True,True,True,True,False,True,8,ecg;eda;emg;eye_tracking;head_movement;performance;respiration;xplane
sub-cp008,ses-20210503,level-01B,run-007,sub-cp008_ses-20210503_level-01B_run-007,True,True,True,True,True,True,True,False,True,8,ecg;eda;emg;eye_tracking;head_movement;performance;respiration;xplane
sub-cp008,ses-20210503,level-01B,run-012,sub-cp008_ses-20210503_level-01B_run-012,True,True,True,True,True,True,True,False,True,8,ecg;eda;emg;eye_tracking;head_movement;performance;respiration;xplane
sub-cp008,ses-20210503,level-02B,run-003,sub-cp008_ses-20210503_level-02B_run-003,True,True,True,True,True,True,True,False,True,8,ecg;eda;emg;eye_tracking;head_movement;performance;respiration;xplane
sub-cp008,ses-20210503,level-02B,run-008,sub-cp008_ses-20210503_level-02B_run-008,True,True,True,True,True,True,True,False,True,8,ecg;eda;emg;eye_tracking;head_movement;performance;respiration;xplane
sub-cp008,ses-20210503,level-02B,run-010,sub-cp008_ses-20210503_level-02B_run-010,True,True,True,True,True,True,True,False,True,8,ecg;eda;emg;eye_tracking;head_movement;performance;respiration;xplane
sub-cp008,ses-20210503,level-03B,run-002,sub-cp008_ses-20210503_level-03B_run-002,True,True,True,True,True,True,True,False,True,8,ecg;eda;emg;eye_tracking;head_movement;performance;respiration;xplane
sub-cp008,ses-20210503,level-03B,run-005,sub-cp008_ses-20210503_level-03B_run-005,True,True,True,True,True,True,True,False,True,8,ecg;eda;emg;eye_tracking;head_movement;performance;respiration;xplane
sub-cp008,ses-20210503,level-03B,run-011,sub-cp008_ses-20210503_level-03B_run-011,True,True,True,True,True,True,True,False,True,8,ecg;eda;emg;eye_tracking;head_movement;performance;respiration;xplane
sub-cp008,ses-20210503,level-04B,run-004,sub-cp008_ses-20210503_level-04B_run-004,True,True,True,True,True,True,True,False,True,8,ecg;eda;emg;eye_tracking;head_movement;performance;respiration;xplane
sub-cp008,ses-20210503,level-04B,run-006,sub-cp008_ses-20210503_level-04B_run-006,True,True,True,True,True,True,True,False,True,8,ecg;eda;emg;eye_tracking;head_movement;performance;respiration;xplane
sub-cp008,ses-20210503,level-04B,run-009,sub-cp008_ses-20210503_level-04B_run-009,True,True,True,True,True,True,True,False,True,8,ecg;eda;emg;eye_tracking;head_movement;performance;respiration;xplane
sub-cp009,ses-20210129,level-000,run-001,sub-cp009_ses-20210129_level-000_run-001,True,True,True,True,True,True,True,False,False,7,ecg;eda;emg;eye_tracking;head_movement;respiration;xplane
sub-cp009,ses-20210129,level-01B,run-001,sub-cp009_ses-20210129_level-01B_run-001,True,True,True,True,True,True,True,False,True,8,ecg;eda;emg;eye_tracking;head_movement;performance;respiration;xplane
sub-cp009,ses-20210129,level-01B,run-007,sub-cp009_ses-20210129_level-01B_run-007,True,True,True,True,True,True,True,False,True,8,ecg;eda;emg;eye_tracking;head_movement;performance;respiration;xplane
sub-cp009,ses-20210129,level-01B,run-012,sub-cp009_ses-20210129_level-01B_run-012,True,True,True,True,True,True,True,False,True,8,ecg;eda;emg;eye_tracking;head_movement;performance;respiration;xplane
sub-cp009,ses-20210129,level-02B,run-003,sub-cp009_ses-20210129_level-02B_run-003,True,True,True,True,True,True,True,False,True,8,ecg;eda;emg;eye_tracking;head_movement;performance;respiration;xplane
sub-cp009,ses-20210129,level-02B,run-008,sub-cp009_ses-20210129_level-02B_run-008,True,True,True,True,True,True,True,False,True,8,ecg;eda;emg;eye_tracking;head_movement;performance;respiration;xplane
sub-cp009,ses-20210129,level-02B,run-010,sub-cp009_ses-20210129_level-02B_run-010,True,True,True,True,True,True,True,False,True,8,ecg;eda;emg;eye_tracking;head_movement;performance;respiration;xplane
sub-cp009,ses-20210129,level-03B,run-002,sub-cp009_ses-20210129_level-03B_run-002,True,True,True,True,True,True,True,False,True,8,ecg;eda;emg;eye_tracking;head_movement;performance;respiration;xplane
sub-cp009,ses-20210129,level-03B,run-005,sub-cp009_ses-20210129_level-03B_run-005,True,True,True,True,True,True,True,False,True,8,ecg;eda;emg;eye_tracking;head_movement;performance;respiration;xplane
sub-cp009,ses-20210129,level-03B,run-011,sub-cp009_ses-20210129_level-03B_run-011,True,True,True,True,True,True,True,False,True,8,ecg;eda;emg;eye_tracking;head_movement;performance;respiration;xplane
sub-cp009,ses-20210129,level-04B,run-004,sub-cp009_ses-20210129_level-04B_run-004,True,True,True,True,True,True,True,False,True,8,ecg;eda;emg;eye_tracking;head_movement;performance;respiration;xplane
sub-cp009,ses-20210129,level-04B,run-006,sub-cp009_ses-20210129_level-04B_run-006,True,True,True,True,True,True,True,False,True,8,ecg;eda;emg;eye_tracking;head_movement;performance;respiration;xplane
sub-cp009,ses-20210129,level-04B,run-009,sub-cp009_ses-20210129_level-04B_run-009,True,True,True,True,True,True,True,False,True,8,ecg;eda;emg;eye_tracking;head_movement;performance;respiration;xplane
sub-cp011,ses-20210408,level-000,run-001,sub-cp011_ses-20210408_level-000_run-001,True,True,True,True,True,True,True,False,False,7,ecg;eda;emg;eye_tracking;head_movement;respiration;xplane
sub-cp011,ses-20210408,level-000,run-002,sub-cp011_ses-20210408_level-000_run-002,True,True,True,True,True,True,True,False,False,7,ecg;eda;emg;eye_tracking;head_movement;respiration;xplane
sub-cp011,ses-20210408,level-01B,run-001,sub-cp011_ses-20210408_level-01B_run-001,True,True,True,True,True,True,True,False,True,8,ecg;eda;emg;eye_tracking;head_movement;performance;respiration;xplane
sub-cp011,ses-20210408,level-01B,run-007,sub-cp011_ses-20210408_level-01B_run-007,True,True,True,True,True,True,True,False,True,8,ecg;eda;emg;eye_tracking;head_movement;performance;respiration;xplane
sub-cp011,ses-20210408,level-01B,run-012,sub-cp011_ses-20210408_level-01B_run-012,True,True,True,True,True,True,True,False,True,8,ecg;eda;emg;eye_tracking;head_movement;performance;respiration;xplane
sub-cp011,ses-20210408,level-02B,run-003,sub-cp011_ses-20210408_level-02B_run-003,True,True,True,True,True,True,True,False,True,8,ecg;eda;emg;eye_tracking;head_movement;performance;respiration;xplane
sub-cp011,ses-20210408,level-02B,run-008,sub-cp011_ses-20210408_level-02B_run-008,True,True,True,True,True,True,True,False,True,8,ecg;eda;emg;eye_tracking;head_movement;performance;respiration;xplane
sub-cp011,ses-20210408,level-02B,run-010,sub-cp011_ses-20210408_level-02B_run-010,True,True,True,True,True,True,True,False,True,8,ecg;eda;emg;eye_tracking;head_movement;performance;respiration;xplane
sub-cp011,ses-20210408,level-03B,run-002,sub-cp011_ses-20210408_level-03B_run-002,True,True,True,True,True,True,True,False,True,8,ecg;eda;emg;eye_tracking;head_movement;performance;respiration;xplane
sub-cp011,ses-20210408,level-03B,run-005,sub-cp011_ses-20210408_level-03B_run-005,True,True,True,True,True,True,True,False,True,8,ecg;eda;emg;eye_tracking;head_movement;performance;respiration;xplane
sub-cp011,ses-20210408,level-03B,run-011,sub-cp011_ses-20210408_level-03B_run-011,True,True,True,True,True,True,True,False,True,8,ecg;eda;emg;eye_tracking;head_movement;performance;respiration;xplane
sub-cp011,ses-20210408,level-04B,run-004,sub-cp011_ses-20210408_level-04B_run-004,True,True,True,True,True,True,True,False,True,8,ecg;eda;emg;eye_tracking;head_movement;performance;respiration;xplane
sub-cp011,ses-20210408,level-04B,run-006,sub-cp011_ses-20210408_level-04B_run-006,True,True,True,True,True,True,True,False,True,8,ecg;eda;emg;eye_tracking;head_movement;performance;respiration;xplane
sub-cp011,ses-20210408,level-04B,run-009,sub-cp011_ses-20210408_level-04B_run-009,True,True,True,True,True,True,True,False,True,8,ecg;eda;emg;eye_tracking;head_movement;performance;respiration;xplane
sub-cp012,ses-20210723,level-000,run-001,sub-cp012_ses-20210723_level-000_run-001,True,True,True,True,True,True,True,False,False,7,ecg;eda;emg;eye_tracking;head_movement;respiration;xplane
sub-cp012,ses-20210723,level-000,run-002,sub-cp012_ses-20210723_level-000_run-002,True,True,True,True,True,True,True,False,False,7,ecg;eda;emg;eye_tracking;head_movement;respiration;xplane
sub-cp012,ses-20210723,level-01B,run-001,sub-cp012_ses-20210723_level-01B_run-001,True,True,True,True,True,True,True,False,True,8,ecg;eda;emg;eye_tracking;head_movement;performance;respiration;xplane
sub-cp012,ses-20210723,level-01B,run-007,sub-cp012_ses-20210723_level-01B_run-007,True,True,True,True,True,True,True,False,True,8,ecg;eda;emg;eye_tracking;head_movement;performance;respiration;xplane
sub-cp012,ses-20210723,level-01B,run-012,sub-cp012_ses-20210723_level-01B_run-012,True,True,True,True,True,True,True,False,True,8,ecg;eda;emg;eye_tracking;head_movement;performance;respiration;xplane
sub-cp012,ses-20210723,level-02B,run-003,sub-cp012_ses-20210723_level-02B_run-003,True,True,True,True,True,True,True,False,True,8,ecg;eda;emg;eye_tracking;head_movement;performance;respiration;xplane
sub-cp012,ses-20210723,level-02B,run-008,sub-cp012_ses-20210723_level-02B_run-008,True,True,True,True,True,True,True,False,True,8,ecg;eda;emg;eye_tracking;head_movement;performance;respiration;xplane
sub-cp012,ses-20210723,level-02B,run-010,sub-cp012_ses-20210723_level-02B_run-010,True,True,True,True,True,True,True,False,True,8,ecg;eda;emg;eye_tracking;head_movement;performance;respiration;xplane
sub-cp012,ses-20210723,level-03B,run-002,sub-cp012_ses-20210723_level-03B_run-002,True,True,True,True,True,True,True,False,True,8,ecg;eda;emg;eye_tracking;head_movement;performance;respiration;xplane
sub-cp012,ses-20210723,level-03B,run-005,sub-cp012_ses-20210723_level-03B_run-005,True,True,True,True,True,True,True,False,True,8,ecg;eda;emg;eye_tracking;head_movement;performance;respiration;xplane
sub-cp012,ses-20210723,level-03B,run-011,sub-cp012_ses-20210723_level-03B_run-011,True,True,True,True,True,True,True,False,True,8,ecg;eda;emg;eye_tracking;head_movement;performance;respiration;xplane
sub-cp012,ses-20210723,level-04B,run-004,sub-cp012_ses-20210723_level-04B_run-004,True,True,True,True,True,True,True,False,True,8,ecg;eda;emg;eye_tracking;head_movement;performance;respiration;xplane
sub-cp012,ses-20210723,level-04B,run-006,sub-cp012_ses-20210723_level-04B_run-006,True,True,True,True,True,True,True,False,True,8,ecg;eda;emg;eye_tracking;head_movement;performance;respiration;xplane
sub-cp012,ses-20210723,level-04B,run-009,sub-cp012_ses-20210723_level-04B_run-009,True,True,True,True,True,True,True,False,True,8,ecg;eda;emg;eye_tracking;head_movement;performance;respiration;xplane
sub-cp013,ses-20210319,level-000,run-001,sub-cp013_ses-20210319_level-000_run-001,True,True,True,True,True,True,True,False,False,7,ecg;eda;emg;eye_tracking;head_movement;respiration;xplane
sub-cp013,ses-20210319,level-000,run-002,sub-cp013_ses-20210319_level-000_run-002,True,True,True,True,True,True,True,False,False,7,ecg;eda;emg;eye_tracking;head_movement;respiration;xplane
sub-cp013,ses-20210319,level-01B,run-001,sub-cp013_ses-20210319_level-01B_run-001,True,True,True,True,True,True,True,False,True,8,ecg;eda;emg;eye_tracking;head_movement;performance;respiration;xplane
sub-cp013,ses-20210319,level-01B,run-007,sub-cp013_ses-20210319_level-01B_run-007,True,True,True,True,True,True,True,False,True,8,ecg;eda;emg;eye_tracking;head_movement;performance;respiration;xplane
sub-cp013,ses-20210319,level-01B,run-012,sub-cp013_ses-20210319_level-01B_run-012,True,True,True,True,True,True,True,False,True,8,ecg;eda;emg;eye_tracking;head_movement;performance;respiration;xplane
sub-cp013,ses-20210319,level-02B,run-003,sub-cp013_ses-20210319_level-02B_run-003,True,True,True,True,True,True,True,False,True,8,ecg;eda;emg;eye_tracking;head_movement;performance;respiration;xplane
sub-cp013,ses-20210319,level-02B,run-008,sub-cp013_ses-20210319_level-02B_run-008,True,True,True,True,True,True,True,False,True,8,ecg;eda;emg;eye_tracking;head_movement;performance;respiration;xplane
sub-cp013,ses-20210319,level-02B,run-010,sub-cp013_ses-20210319_level-02B_run-010,True,True,True,True,True,True,True,False,True,8,ecg;eda;emg;eye_tracking;head_movement;performance;respiration;xplane
sub-cp013,ses-20210319,level-03B,run-002,sub-cp013_ses-20210319_level-03B_run-002,True,True,True,True,True,True,True,False,True,8,ecg;eda;emg;eye_tracking;head_movement;performance;respiration;xplane
sub-cp013,ses-20210319,level-03B,run-005,sub-cp013_ses-20210319_level-03B_run-005,True,True,True,True,True,True,True,False,True,8,ecg;eda;emg;eye_tracking;head_movement;performance;respiration;xplane
sub-cp013,ses-20210319,level-03B,run-011,sub-cp013_ses-20210319_level-03B_run-011,True,True,True,True,True,True,True,False,True,8,ecg;eda;emg;eye_tracking;head_movement;performance;respiration;xplane
sub-cp013,ses-20210319,level-04B,run-004,sub-cp013_ses-20210319_level-04B_run-004,True,True,True,True,True,True,True,False,True,8,ecg;eda;emg;eye_tracking;head_movement;performance;respiration;xplane
sub-cp013,ses-20210319,level-04B,run-006,sub-cp013_ses-20210319_level-04B_run-006,True,True,True,True,True,True,True,False,True,8,ecg;eda;emg;eye_tracking;head_movement;performance;respiration;xplane
sub-cp013,ses-20210319,level-04B,run-009,sub-cp013_ses-20210319_level-04B_run-009,True,True,True,True,True,True,True,False,True,8,ecg;eda;emg;eye_tracking;head_movement;performance;respiration;xplane
sub-cp014,ses-20211112,level-000,run-001,sub-cp014_ses-20211112_level-000_run-001,True,True,True,True,True,True,True,False,False,7,ecg;eda;emg;eye_tracking;head_movement;respiration;xplane
sub-cp014,ses-20211112,level-000,run-002,sub-cp014_ses-20211112_level-000_run-002,True,True,True,True,True,True,True,False,False,7,ecg;eda;emg;eye_tracking;head_movement;respiration;xplane
sub-cp014,ses-20211112,level-01B,run-001,sub-cp014_ses-20211112_level-01B_run-001,True,True,True,True,True,True,True,False,True,8,ecg;eda;emg;eye_tracking;head_movement;performance;respiration;xplane
sub-cp014,ses-20211112,level-01B,run-007,sub-cp014_ses-20211112_level-01B_run-007,True,True,True,True,True,True,True,False,True,8,ecg;eda;emg;eye_tracking;head_movement;performance;respiration;xplane
sub-cp014,ses-20211112,level-01B,run-012,sub-cp014_ses-20211112_level-01B_run-012,True,True,True,True,True,True,True,False,True,8,ecg;eda;emg;eye_tracking;head_movement;performance;respiration;xplane
sub-cp014,ses-20211112,level-02B,run-003,sub-cp014_ses-20211112_level-02B_run-003,True,True,True,True,True,True,True,False,True,8,ecg;eda;emg;eye_tracking;head_movement;performance;respiration;xplane
sub-cp014,ses-20211112,level-02B,run-008,sub-cp014_ses-20211112_level-02B_run-008,True,True,True,True,True,True,True,False,True,8,ecg;eda;emg;eye_tracking;head_movement;performance;respiration;xplane
sub-cp014,ses-20211112,level-02B,run-010,sub-cp014_ses-20211112_level-02B_run-010,True,True,True,True,True,True,True,False,True,8,ecg;eda;emg;eye_tracking;head_movement;performance;respiration;xplane
sub-cp014,ses-20211112,level-03B,run-002,sub-cp014_ses-20211112_level-03B_run-002,True,True,True,True,True,True,True,False,True,8,ecg;eda;emg;eye_tracking;head_movement;performance;respiration;xplane
sub-cp014,ses-20211112,level-03B,run-005,sub-cp014_ses-20211112_level-03B_run-005,True,True,True,True,True,True,True,False,True,8,ecg;eda;emg;eye_tracking;head_movement;performance;respiration;xplane
sub-cp014,ses-20211112,level-03B,run-011,sub-cp014_ses-20211112_level-03B_run-011,True,True,True,True,True,True,True,False,True,8,ecg;eda;emg;eye_tracking;head_movement;performance;respiration;xplane
sub-cp014,ses-20211112,level-04B,run-004,sub-cp014_ses-20211112_level-04B_run-004,True,True,True,True,True,True,True,False,True,8,ecg;eda;emg;eye_tracking;head_movement;performance;respiration;xplane
sub-cp014,ses-20211112,level-04B,run-006,sub-cp014_ses-20211112_level-04B_run-006,True,True,True,True,True,True,True,False,True,8,ecg;eda;emg;eye_tracking;head_movement;performance;respiration;xplane
sub-cp014,ses-20211112,level-04B,run-009,sub-cp014_ses-20211112_level-04B_run-009,True,True,True,True,True,True,True,False,True,8,ecg;eda;emg;eye_tracking;head_movement;performance;respiration;xplane
sub-cp015,ses-20210504,level-000,run-001,sub-cp015_ses-20210504_level-000_run-001,True,True,True,True,True,True,True,False,False,7,ecg;eda;emg;eye_tracking;head_movement;respiration;xplane
sub-cp015,ses-20210504,level-000,run-002,sub-cp015_ses-20210504_level-000_run-002,True,True,True,True,True,True,True,False,False,7,ecg;eda;emg;eye_tracking;head_movement;respiration;xplane
sub-cp015,ses-20210504,level-01B,run-001,sub-cp015_ses-20210504_level-01B_run-001,True,True,True,True,True,True,True,False,True,8,ecg;eda;emg;eye_tracking;head_movement;performance;respiration;xplane
sub-cp015,ses-20210504,level-01B,run-007,sub-cp015_ses-20210504_level-01B_run-007,True,True,True,True,True,True,True,False,True,8,ecg;eda;emg;eye_tracking;head_movement;performance;respiration;xplane
sub-cp015,ses-20210504,level-01B,run-012,sub-cp015_ses-20210504_level-01B_run-012,True,True,True,True,True,True,True,False,True,8,ecg;eda;emg;eye_tracking;head_movement;performance;respiration;xplane
sub-cp015,ses-20210504,level-02B,run-003,sub-cp015_ses-20210504_level-02B_run-003,True,True,True,True,True,True,True,False,True,8,ecg;eda;emg;eye_tracking;head_movement;performance;respiration;xplane
sub-cp015,ses-20210504,level-02B,run-008,sub-cp015_ses-20210504_level-02B_run-008,True,True,True,True,True,True,True,False,True,8,ecg;eda;emg;eye_tracking;head_movement;performance;respiration;xplane
sub-cp015,ses-20210504,level-02B,run-010,sub-cp015_ses-20210504_level-02B_run-010,True,True,True,True,True,True,True,False,True,8,ecg;eda;emg;eye_tracking;head_movement;performance;respiration;xplane
sub-cp015,ses-20210504,level-03B,run-002,sub-cp015_ses-20210504_level-03B_run-002,True,True,True,True,True,True,True,False,True,8,ecg;eda;emg;eye_tracking;head_movement;performance;respiration;xplane
sub-cp015,ses-20210504,level-03B,run-005,sub-cp015_ses-20210504_level-03B_run-005,True,True,True,True,True,True,True,False,True,8,ecg;eda;emg;eye_tracking;head_movement;performance;respiration;xplane
sub-cp015,ses-20210504,level-03B,run-011,sub-cp015_ses-20210504_level-03B_run-011,True,True,True,True,True,True,True,False,True,8,ecg;eda;emg;eye_tracking;head_movement;performance;respiration;xplane
sub-cp015,ses-20210504,level-04B,run-004,sub-cp015_ses-20210504_level-04B_run-004,True,True,True,True,True,True,True,False,True,8,ecg;eda;emg;eye_tracking;head_movement;performance;respiration;xplane
sub-cp015,ses-20210504,level-04B,run-006,sub-cp015_ses-20210504_level-04B_run-006,True,True,True,True,True,True,True,False,True,8,ecg;eda;emg;eye_tracking;head_movement;performance;respiration;xplane
sub-cp015,ses-20210504,level-04B,run-009,sub-cp015_ses-20210504_level-04B_run-009,True,True,True,True,True,True,True,False,True,8,ecg;eda;emg;eye_tracking;head_movement;performance;respiration;xplane
sub-cp016,ses-20210528,level-000,run-001,sub-cp016_ses-20210528_level-000_run-001,True,True,True,True,True,True,True,False,False,7,ecg;eda;emg;eye_tracking;head_movement;respiration;xplane
sub-cp016,ses-20210528,level-000,run-002,sub-cp016_ses-20210528_level-000_run-002,True,True,True,True,True,True,True,False,False,7,ecg;eda;emg;eye_tracking;head_movement;respiration;xplane
sub-cp016,ses-20210528,level-01B,run-001,sub-cp016_ses-20210528_level-01B_run-001,True,True,True,True,True,True,True,False,True,8,ecg;eda;emg;eye_tracking;head_movement;performance;respiration;xplane
sub-cp016,ses-20210528,level-01B,run-007,sub-cp016_ses-20210528_level-01B_run-007,True,True,True,True,True,True,True,False,True,8,ecg;eda;emg;eye_tracking;head_movement;performance;respiration;xplane
sub-cp016,ses-20210528,level-01B,run-012,sub-cp016_ses-20210528_level-01B_run-012,True,True,True,True,True,True,True,False,True,8,ecg;eda;emg;eye_tracking;head_movement;performance;respiration;xplane
sub-cp016,ses-20210528,level-02B,run-003,sub-cp016_ses-20210528_level-02B_run-003,True,True,True,True,True,True,True,False,True,8,ecg;eda;emg;eye_tracking;head_movement;performance;respiration;xplane
sub-cp016,ses-20210528,level-02B,run-008,sub-cp016_ses-20210528_level-02B_run-008,True,True,True,True,True,True,True,False,True,8,ecg;eda;emg;eye_tracking;head_movement;performance;respiration;xplane
sub-cp016,ses-20210528,level-02B,run-010,sub-cp016_ses-20210528_level-02B_run-010,True,True,True,True,True,True,True,False,True,8,ecg;eda;emg;eye_tracking;head_movement;performance;respiration;xplane
sub-cp016,ses-20210528,level-03B,run-002,sub-cp016_ses-20210528_level-03B_run-002,True,True,True,True,True,True,True,False,True,8,ecg;eda;emg;eye_tracking;head_movement;performance;respiration;xplane
sub-cp016,ses-20210528,level-03B,run-005,sub-cp016_ses-20210528_level-03B_run-005,True,True,True,True,True,True,True,False,True,8,ecg;eda;emg;eye_tracking;head_movement;performance;respiration;xplane
sub-cp016,ses-20210528,level-03B,run-011,sub-cp016_ses-20210528_level-03B_run-011,True,True,True,True,True,True,True,False,True,8,ecg;eda;emg;eye_tracking;head_movement;performance;respiration;xplane
sub-cp016,ses-20210528,level-04B,run-004,sub-cp016_ses-20210528_level-04B_run-004,True,True,True,True,True,True,True,False,True,8,ecg;eda;emg;eye_tracking;head_movement;performance;respiration;xplane
sub-cp016,ses-20210528,level-04B,run-006,sub-cp016_ses-20210528_level-04B_run-006,True,True,True,True,True,True,True,False,True,8,ecg;eda;emg;eye_tracking;head_movement;performance;respiration;xplane
sub-cp016,ses-20210528,level-04B,run-009,sub-cp016_ses-20210528_level-04B_run-009,True,True,True,True,True,True,True,False,True,8,ecg;eda;emg;eye_tracking;head_movement;performance;respiration;xplane
sub-cp017,ses-20210521,level-000,run-001,sub-cp017_ses-20210521_level-000_run-001,True,True,True,True,True,True,True,False,False,7,ecg;eda;emg;eye_tracking;head_movement;respiration;xplane
sub-cp017,ses-20210521,level-000,run-002,sub-cp017_ses-20210521_level-000_run-002,True,True,True,True,True,True,True,False,False,7,ecg;eda;emg;eye_tracking;head_movement;respiration;xplane
sub-cp017,ses-20210521,level-01B,run-001,sub-cp017_ses-20210521_level-01B_run-001,True,True,True,True,True,True,True,False,True,8,ecg;eda;emg;eye_tracking;head_movement;performance;respiration;xplane
sub-cp017,ses-20210521,level-01B,run-007,sub-cp017_ses-20210521_level-01B_run-007,True,True,True,True,True,True,True,False,True,8,ecg;eda;emg;eye_tracking;head_movement;performance;respiration;xplane
sub-cp017,ses-20210521,level-01B,run-012,sub-cp017_ses-20210521_level-01B_run-012,True,True,True,True,True,True,True,False,True,8,ecg;eda;emg;eye_tracking;head_movement;performance;respiration;xplane
sub-cp017,ses-20210521,level-02B,run-003,sub-cp017_ses-20210521_level-02B_run-003,True,True,True,True,True,True,True,False,True,8,ecg;eda;emg;eye_tracking;head_movement;performance;respiration;xplane
sub-cp017,ses-20210521,level-02B,run-008,sub-cp017_ses-20210521_level-02B_run-008,True,True,True,True,True,True,True,False,True,8,ecg;eda;emg;eye_tracking;head_movement;performance;respiration;xplane
sub-cp017,ses-20210521,level-02B,run-010,sub-cp017_ses-20210521_level-02B_run-010,True,True,True,True,True,True,True,False,True,8,ecg;eda;emg;eye_tracking;head_movement;performance;respiration;xplane
sub-cp017,ses-20210521,level-03B,run-002,sub-cp017_ses-20210521_level-03B_run-002,True,True,True,True,True,True,True,False,True,8,ecg;eda;emg;eye_tracking;head_movement;performance;respiration;xplane
sub-cp017,ses-20210521,level-03B,run-005,sub-cp017_ses-20210521_level-03B_run-005,True,True,True,True,True,True,True,False,True,8,ecg;eda;emg;eye_tracking;head_movement;performance;respiration;xplane
sub-cp017,ses-20210521,level-03B,run-011,sub-cp017_ses-20210521_level-03B_run-011,True,True,True,True,True,True,True,False,True,8,ecg;eda;emg;eye_tracking;head_movement;performance;respiration;xplane
sub-cp017,ses-20210521,level-04B,run-004,sub-cp017_ses-20210521_level-04B_run-004,True,True,True,True,True,True,True,False,True,8,ecg;eda;emg;eye_tracking;head_movement;performance;respiration;xplane
sub-cp017,ses-20210521,level-04B,run-006,sub-cp017_ses-20210521_level-04B_run-006,True,True,True,True,True,True,True,False,True,8,ecg;eda;emg;eye_tracking;head_movement;performance;respiration;xplane
sub-cp017,ses-20210521,level-04B,run-009,sub-cp017_ses-20210521_level-04B_run-009,True,True,True,True,True,True,True,False,True,8,ecg;eda;emg;eye_tracking;head_movement;performance;respiration;xplane
sub-cp018,ses-20210709,level-000,run-001,sub-cp018_ses-20210709_level-000_run-001,True,True,True,True,True,True,True,False,False,7,ecg;eda;emg;eye_tracking;head_movement;respiration;xplane
sub-cp018,ses-20210709,level-000,run-002,sub-cp018_ses-20210709_level-000_run-002,True,True,True,True,True,True,True,False,False,7,ecg;eda;emg;eye_tracking;head_movement;respiration;xplane
sub-cp018,ses-20210709,level-01B,run-001,sub-cp018_ses-20210709_level-01B_run-001,True,True,True,True,True,True,True,False,True,8,ecg;eda;emg;eye_tracking;head_movement;performance;respiration;xplane
sub-cp018,ses-20210709,level-01B,run-007,sub-cp018_ses-20210709_level-01B_run-007,True,True,True,True,True,True,True,False,True,8,ecg;eda;emg;eye_tracking;head_movement;performance;respiration;xplane
sub-cp018,ses-20210709,level-01B,run-012,sub-cp018_ses-20210709_level-01B_run-012,True,True,True,True,True,True,True,False,True,8,ecg;eda;emg;eye_tracking;head_movement;performance;respiration;xplane
sub-cp018,ses-20210709,level-02B,run-003,sub-cp018_ses-20210709_level-02B_run-003,True,True,True,True,True,True,True,False,True,8,ecg;eda;emg;eye_tracking;head_movement;performance;respiration;xplane
sub-cp018,ses-20210709,level-02B,run-008,sub-cp018_ses-20210709_level-02B_run-008,True,True,True,True,True,True,True,False,True,8,ecg;eda;emg;eye_tracking;head_movement;performance;respiration;xplane
sub-cp018,ses-20210709,level-02B,run-010,sub-cp018_ses-20210709_level-02B_run-010,True,True,True,True,True,True,True,False,True,8,ecg;eda;emg;eye_tracking;head_movement;performance;respiration;xplane
sub-cp018,ses-20210709,level-03B,run-002,sub-cp018_ses-20210709_level-03B_run-002,True,True,True,True,True,True,True,False,True,8,ecg;eda;emg;eye_tracking;head_movement;performance;respiration;xplane
sub-cp018,ses-20210709,level-03B,run-005,sub-cp018_ses-20210709_level-03B_run-005,True,True,True,True,True,True,True,False,True,8,ecg;eda;emg;eye_tracking;head_movement;performance;respiration;xplane
sub-cp018,ses-20210709,level-03B,run-011,sub-cp018_ses-20210709_level-03B_run-011,True,True,True,True,True,True,True,False,True,8,ecg;eda;emg;eye_tracking;head_movement;performance;respiration;xplane
sub-cp018,ses-20210709,level-04B,run-004,sub-cp018_ses-20210709_level-04B_run-004,True,True,True,True,True,True,True,False,True,8,ecg;eda;emg;eye_tracking;head_movement;performance;respiration;xplane
sub-cp018,ses-20210709,level-04B,run-006,sub-cp018_ses-20210709_level-04B_run-006,True,True,True,True,True,True,True,False,True,8,ecg;eda;emg;eye_tracking;head_movement;performance;respiration;xplane
sub-cp018,ses-20210709,level-04B,run-009,sub-cp018_ses-20210709_level-04B_run-009,True,True,True,True,True,True,True,False,True,8,ecg;eda;emg;eye_tracking;head_movement;performance;respiration;xplane
sub-cp019,ses-20210625,level-000,run-001,sub-cp019_ses-20210625_level-000_run-001,True,True,True,True,True,True,True,False,False,7,ecg;eda;emg;eye_tracking;head_movement;respiration;xplane
sub-cp019,ses-20210625,level-000,run-002,sub-cp019_ses-20210625_level-000_run-002,True,True,True,True,True,True,True,False,False,7,ecg;eda;emg;eye_tracking;head_movement;respiration;xplane
sub-cp019,ses-20210625,level-01B,run-001,sub-cp019_ses-20210625_level-01B_run-001,True,True,True,True,True,True,True,False,True,8,ecg;eda;emg;eye_tracking;head_movement;performance;respiration;xplane
sub-cp019,ses-20210625,level-01B,run-007,sub-cp019_ses-20210625_level-01B_run-007,True,True,True,True,True,True,True,False,True,8,ecg;eda;emg;eye_tracking;head_movement;performance;respiration;xplane
sub-cp019,ses-20210625,level-01B,run-012,sub-cp019_ses-20210625_level-01B_run-012,True,True,True,True,True,True,True,False,True,8,ecg;eda;emg;eye_tracking;head_movement;performance;respiration;xplane
sub-cp019,ses-20210625,level-02B,run-003,sub-cp019_ses-20210625_level-02B_run-003,True,True,True,True,True,True,True,False,True,8,ecg;eda;emg;eye_tracking;head_movement;performance;respiration;xplane
sub-cp019,ses-20210625,level-02B,run-008,sub-cp019_ses-20210625_level-02B_run-008,True,True,True,True,True,True,True,False,True,8,ecg;eda;emg;eye_tracking;head_movement;performance;respiration;xplane
sub-cp019,ses-20210625,level-02B,run-010,sub-cp019_ses-20210625_level-02B_run-010,True,True,True,True,True,True,True,False,True,8,ecg;eda;emg;eye_tracking;head_movement;performance;respiration;xplane
sub-cp019,ses-20210625,level-03B,run-002,sub-cp019_ses-20210625_level-03B_run-002,True,True,True,True,True,True,True,False,True,8,ecg;eda;emg;eye_tracking;head_movement;performance;respiration;xplane
sub-cp019,ses-20210625,level-03B,run-005,sub-cp019_ses-20210625_level-03B_run-005,True,True,True,True,True,True,True,False,True,8,ecg;eda;emg;eye_tracking;head_movement;performance;respiration;xplane
sub-cp019,ses-20210625,level-03B,run-011,sub-cp019_ses-20210625_level-03B_run-011,True,True,True,True,True,True,True,False,True,8,ecg;eda;emg;eye_tracking;head_movement;performance;respiration;xplane
sub-cp019,ses-20210625,level-04B,run-004,sub-cp019_ses-20210625_level-04B_run-004,True,True,True,True,True,True,True,False,True,8,ecg;eda;emg;eye_tracking;head_movement;performance;respiration;xplane
sub-cp019,ses-20210625,level-04B,run-006,sub-cp019_ses-20210625_level-04B_run-006,True,True,True,True,True,True,True,False,True,8,ecg;eda;emg;eye_tracking;head_movement;performance;respiration;xplane
sub-cp019,ses-20210625,level-04B,run-009,sub-cp019_ses-20210625_level-04B_run-009,True,True,True,True,True,True,True,False,True,8,ecg;eda;emg;eye_tracking;head_movement;performance;respiration;xplane
sub-cp020,ses-20210604,level-000,run-001,sub-cp020_ses-20210604_level-000_run-001,True,True,True,True,True,True,True,False,False,7,ecg;eda;emg;eye_tracking;head_movement;respiration;xplane
sub-cp020,ses-20210604,level-000,run-002,sub-cp020_ses-20210604_level-000_run-002,True,True,True,True,True,True,True,False,False,7,ecg;eda;emg;eye_tracking;head_movement;respiration;xplane
sub-cp020,ses-20210604,level-01B,run-001,sub-cp020_ses-20210604_level-01B_run-001,True,True,True,True,True,True,True,False,True,8,ecg;eda;emg;eye_tracking;head_movement;performance;respiration;xplane
sub-cp020,ses-20210604,level-01B,run-007,sub-cp020_ses-20210604_level-01B_run-007,True,True,True,True,True,True,True,False,True,8,ecg;eda;emg;eye_tracking;head_movement;performance;respiration;xplane
sub-cp020,ses-20210604,level-01B,run-012,sub-cp020_ses-20210604_level-01B_run-012,True,True,True,True,True,True,True,False,True,8,ecg;eda;emg;eye_tracking;head_movement;performance;respiration;xplane
sub-cp020,ses-20210604,level-02B,run-003,sub-cp020_ses-20210604_level-02B_run-003,True,True,True,True,True,True,True,False,True,8,ecg;eda;emg;eye_tracking;head_movement;performance;respiration;xplane
sub-cp020,ses-20210604,level-02B,run-008,sub-cp020_ses-20210604_level-02B_run-008,True,True,True,True,True,True,True,False,True,8,ecg;eda;emg;eye_tracking;head_movement;performance;respiration;xplane
sub-cp020,ses-20210604,level-02B,run-010,sub-cp020_ses-20210604_level-02B_run-010,True,True,True,True,True,True,True,False,True,8,ecg;eda;emg;eye_tracking;head_movement;performance;respiration;xplane
sub-cp020,ses-20210604,level-03B,run-002,sub-cp020_ses-20210604_level-03B_run-002,True,True,True,True,True,True,True,False,True,8,ecg;eda;emg;eye_tracking;head_movement;performance;respiration;xplane
sub-cp020,ses-20210604,level-03B,run-005,sub-cp020_ses-20210604_level-03B_run-005,True,True,True,True,True,True,True,False,True,8,ecg;eda;emg;eye_tracking;head_movement;performance;respiration;xplane
sub-cp020,ses-20210604,level-03B,run-011,sub-cp020_ses-20210604_level-03B_run-011,True,True,True,True,True,True,True,False,True,8,ecg;eda;emg;eye_tracking;head_movement;performance;respiration;xplane
sub-cp020,ses-20210604,level-04B,run-004,sub-cp020_ses-20210604_level-04B_run-004,True,True,True,True,True,True,True,False,True,8,ecg;eda;emg;eye_tracking;head_movement;performance;respiration;xplane
sub-cp020,ses-20210604,level-04B,run-006,sub-cp020_ses-20210604_level-04B_run-006,True,True,True,True,True,True,True,False,True,8,ecg;eda;emg;eye_tracking;head_movement;performance;respiration;xplane
sub-cp020,ses-20210604,level-04B,run-009,sub-cp020_ses-20210604_level-04B_run-009,True,True,True,True,True,True,True,False,True,8,ecg;eda;emg;eye_tracking;head_movement;performance;respiration;xplane
sub-cp022,ses-20210621,level-000,run-001,sub-cp022_ses-20210621_level-000_run-001,True,True,True,True,True,True,True,False,False,7,ecg;eda;emg;eye_tracking;head_movement;respiration;xplane
sub-cp022,ses-20210621,level-000,run-002,sub-cp022_ses-20210621_level-000_run-002,True,True,True,True,True,True,True,False,False,7,ecg;eda;emg;eye_tracking;head_movement;respiration;xplane
sub-cp022,ses-20210621,level-01B,run-001,sub-cp022_ses-20210621_level-01B_run-001,True,True,True,True,True,True,True,False,True,8,ecg;eda;emg;eye_tracking;head_movement;performance;respiration;xplane
sub-cp022,ses-20210621,level-01B,run-007,sub-cp022_ses-20210621_level-01B_run-007,True,True,True,True,True,True,True,False,True,8,ecg;eda;emg;eye_tracking;head_movement;performance;respiration;xplane
sub-cp022,ses-20210621,level-01B,run-012,sub-cp022_ses-20210621_level-01B_run-012,True,True,True,True,True,True,True,False,True,8,ecg;eda;emg;eye_tracking;head_movement;performance;respiration;xplane
sub-cp022,ses-20210621,level-02B,run-003,sub-cp022_ses-20210621_level-02B_run-003,True,True,True,True,True,True,True,False,True,8,ecg;eda;emg;eye_tracking;head_movement;performance;respiration;xplane
sub-cp022,ses-20210621,level-02B,run-008,sub-cp022_ses-20210621_level-02B_run-008,True,True,True,True,True,True,True,False,True,8,ecg;eda;emg;eye_tracking;head_movement;performance;respiration;xplane
sub-cp022,ses-20210621,level-02B,run-010,sub-cp022_ses-20210621_level-02B_run-010,True,True,True,True,True,True,True,False,True,8,ecg;eda;emg;eye_tracking;head_movement;performance;respiration;xplane
sub-cp022,ses-20210621,level-03B,run-002,sub-cp022_ses-20210621_level-03B_run-002,True,True,True,True,True,True,True,False,True,8,ecg;eda;emg;eye_tracking;head_movement;performance;respiration;xplane
sub-cp022,ses-20210621,level-03B,run-005,sub-cp022_ses-20210621_level-03B_run-005,True,True,True,True,True,True,True,False,True,8,ecg;eda;emg;eye_tracking;head_movement;performance;respiration;xplane
sub-cp022,ses-20210621,level-03B,run-011,sub-cp022_ses-20210621_level-03B_run-011,True,True,True,True,True,True,True,False,True,8,ecg;eda;emg;eye_tracking;head_movement;performance;respiration;xplane
sub-cp022,ses-20210621,level-04B,run-004,sub-cp022_ses-20210621_level-04B_run-004,True,True,True,True,True,True,True,False,True,8,ecg;eda;emg;eye_tracking;head_movement;performance;respiration;xplane
sub-cp022,ses-20210621,level-04B,run-006,sub-cp022_ses-20210621_level-04B_run-006,True,True,True,True,True,True,True,False,True,8,ecg;eda;emg;eye_tracking;head_movement;performance;respiration;xplane
sub-cp022,ses-20210621,level-04B,run-009,sub-cp022_ses-20210621_level-04B_run-009,True,True,True,True,True,True,True,False,True,8,ecg;eda;emg;eye_tracking;head_movement;performance;respiration;xplane
sub-cp023,ses-20210628,level-000,run-001,sub-cp023_ses-20210628_level-000_run-001,True,True,True,True,True,True,True,False,False,7,ecg;eda;emg;eye_tracking;head_movement;respiration;xplane
sub-cp023,ses-20210628,level-000,run-002,sub-cp023_ses-20210628_level-000_run-002,True,True,True,True,True,True,True,False,False,7,ecg;eda;emg;eye_tracking;head_movement;respiration;xplane
sub-cp023,ses-20210628,level-01B,run-001,sub-cp023_ses-20210628_level-01B_run-001,True,True,True,True,True,True,True,False,True,8,ecg;eda;emg;eye_tracking;head_movement;performance;respiration;xplane
sub-cp023,ses-20210628,level-01B,run-007,sub-cp023_ses-20210628_level-01B_run-007,True,True,True,True,True,True,True,False,True,8,ecg;eda;emg;eye_tracking;head_movement;performance;respiration;xplane
sub-cp023,ses-20210628,level-01B,run-012,sub-cp023_ses-20210628_level-01B_run-012,True,True,True,True,True,True,True,False,True,8,ecg;eda;emg;eye_tracking;head_movement;performance;respiration;xplane
sub-cp023,ses-20210628,level-02B,run-003,sub-cp023_ses-20210628_level-02B_run-003,True,True,True,True,True,True,True,False,True,8,ecg;eda;emg;eye_tracking;head_movement;performance;respiration;xplane
sub-cp023,ses-20210628,level-02B,run-008,sub-cp023_ses-20210628_level-02B_run-008,True,True,True,True,True,True,True,False,True,8,ecg;eda;emg;eye_tracking;head_movement;performance;respiration;xplane
sub-cp023,ses-20210628,level-02B,run-010,sub-cp023_ses-20210628_level-02B_run-010,True,True,True,True,True,True,True,False,True,8,ecg;eda;emg;eye_tracking;head_movement;performance;respiration;xplane
sub-cp023,ses-20210628,level-03B,run-002,sub-cp023_ses-20210628_level-03B_run-002,True,True,True,True,True,True,True,False,True,8,ecg;eda;emg;eye_tracking;head_movement;performance;respiration;xplane
sub-cp023,ses-20210628,level-03B,run-005,sub-cp023_ses-20210628_level-03B_run-005,True,True,True,True,True,True,True,False,True,8,ecg;eda;emg;eye_tracking;head_movement;performance;respiration;xplane
sub-cp023,ses-20210628,level-03B,run-011,sub-cp023_ses-20210628_level-03B_run-011,True,True,True,True,True,True,True,False,True,8,ecg;eda;emg;eye_tracking;head_movement;performance;respiration;xplane
sub-cp023,ses-20210628,level-04B,run-004,sub-cp023_ses-20210628_level-04B_run-004,True,True,True,True,True,True,True,False,True,8,ecg;eda;emg;eye_tracking;head_movement;performance;respiration;xplane
sub-cp023,ses-20210628,level-04B,run-006,sub-cp023_ses-20210628_level-04B_run-006,True,True,True,True,True,True,True,False,True,8,ecg;eda;emg;eye_tracking;head_movement;performance;respiration;xplane
sub-cp023,ses-20210628,level-04B,run-009,sub-cp023_ses-20210628_level-04B_run-009,True,True,True,True,True,True,True,False,True,8,ecg;eda;emg;eye_tracking;head_movement;performance;respiration;xplane
sub-cp024,ses-20210629,level-000,run-001,sub-cp024_ses-20210629_level-000_run-001,True,True,True,True,True,True,True,False,False,7,ecg;eda;emg;eye_tracking;head_movement;respiration;xplane
sub-cp024,ses-20210629,level-000,run-002,sub-cp024_ses-20210629_level-000_run-002,True,True,True,True,True,True,True,False,False,7,ecg;eda;emg;eye_tracking;head_movement;respiration;xplane
sub-cp024,ses-20210629,level-01B,run-001,sub-cp024_ses-20210629_level-01B_run-001,True,True,True,True,True,True,True,False,True,8,ecg;eda;emg;eye_tracking;head_movement;performance;respiration;xplane
sub-cp024,ses-20210629,level-01B,run-007,sub-cp024_ses-20210629_level-01B_run-007,True,True,True,True,True,True,True,False,True,8,ecg;eda;emg;eye_tracking;head_movement;performance;respiration;xplane
sub-cp024,ses-20210629,level-01B,run-012,sub-cp024_ses-20210629_level-01B_run-012,True,True,True,True,True,True,True,False,True,8,ecg;eda;emg;eye_tracking;head_movement;performance;respiration;xplane
sub-cp024,ses-20210629,level-02B,run-003,sub-cp024_ses-20210629_level-02B_run-003,True,True,True,True,True,True,True,False,True,8,ecg;eda;emg;eye_tracking;head_movement;performance;respiration;xplane
sub-cp024,ses-20210629,level-02B,run-008,sub-cp024_ses-20210629_level-02B_run-008,True,True,True,True,True,True,True,False,True,8,ecg;eda;emg;eye_tracking;head_movement;performance;respiration;xplane
sub-cp024,ses-20210629,level-02B,run-010,sub-cp024_ses-20210629_level-02B_run-010,True,True,True,True,True,True,True,False,True,8,ecg;eda;emg;eye_tracking;head_movement;performance;respiration;xplane
sub-cp024,ses-20210629,level-03B,run-002,sub-cp024_ses-20210629_level-03B_run-002,True,True,True,True,True,True,True,False,True,8,ecg;eda;emg;eye_tracking;head_movement;performance;respiration;xplane
sub-cp024,ses-20210629,level-03B,run-005,sub-cp024_ses-20210629_level-03B_run-005,True,True,True,True,True,True,True,False,True,8,ecg;eda;emg;eye_tracking;head_movement;performance;respiration;xplane
sub-cp024,ses-20210629,level-03B,run-011,sub-cp024_ses-20210629_level-03B_run-011,True,True,True,True,True,True,True,False,True,8,ecg;eda;emg;eye_tracking;head_movement;performance;respiration;xplane
sub-cp024,ses-20210629,level-04B,run-004,sub-cp024_ses-20210629_level-04B_run-004,True,True,True,True,True,True,True,False,True,8,ecg;eda;emg;eye_tracking;head_movement;performance;respiration;xplane
sub-cp024,ses-20210629,level-04B,run-006,sub-cp024_ses-20210629_level-04B_run-006,True,True,True,True,True,True,True,False,True,8,ecg;eda;emg;eye_tracking;head_movement;performance;respiration;xplane
sub-cp024,ses-20210629,level-04B,run-009,sub-cp024_ses-20210629_level-04B_run-009,True,True,True,True,True,True,True,False,True,8,ecg;eda;emg;eye_tracking;head_movement;performance;respiration;xplane
sub-cp025,ses-20210820,level-000,run-001,sub-cp025_ses-20210820_level-000_run-001,True,True,True,True,True,True,True,False,False,7,ecg;eda;emg;eye_tracking;head_movement;respiration;xplane
sub-cp025,ses-20210820,level-000,run-002,sub-cp025_ses-20210820_level-000_run-002,True,True,True,True,True,True,True,False,False,7,ecg;eda;emg;eye_tracking;head_movement;respiration;xplane
sub-cp025,ses-20210820,level-01B,run-001,sub-cp025_ses-20210820_level-01B_run-001,True,True,True,True,True,True,True,False,True,8,ecg;eda;emg;eye_tracking;head_movement;performance;respiration;xplane
sub-cp025,ses-20210820,level-01B,run-007,sub-cp025_ses-20210820_level-01B_run-007,True,True,True,True,True,True,True,False,True,8,ecg;eda;emg;eye_tracking;head_movement;performance;respiration;xplane
sub-cp025,ses-20210820,level-01B,run-012,sub-cp025_ses-20210820_level-01B_run-012,True,True,True,True,True,True,True,False,True,8,ecg;eda;emg;eye_tracking;head_movement;performance;respiration;xplane
sub-cp025,ses-20210820,level-02B,run-003,sub-cp025_ses-20210820_level-02B_run-003,True,True,True,True,True,True,True,False,True,8,ecg;eda;emg;eye_tracking;head_movement;performance;respiration;xplane
sub-cp025,ses-20210820,level-02B,run-008,sub-cp025_ses-20210820_level-02B_run-008,True,True,True,True,True,True,True,False,True,8,ecg;eda;emg;eye_tracking;head_movement;performance;respiration;xplane
sub-cp025,ses-20210820,level-02B,run-010,sub-cp025_ses-20210820_level-02B_run-010,True,True,True,True,True,True,True,False,True,8,ecg;eda;emg;eye_tracking;head_movement;performance;respiration;xplane
sub-cp025,ses-20210820,level-03B,run-002,sub-cp025_ses-20210820_level-03B_run-002,True,True,True,True,True,True,True,False,True,8,ecg;eda;emg;eye_tracking;head_movement;performance;respiration;xplane
sub-cp025,ses-20210820,level-03B,run-005,sub-cp025_ses-20210820_level-03B_run-005,True,True,True,True,True,True,True,False,True,8,ecg;eda;emg;eye_tracking;head_movement;performance;respiration;xplane
sub-cp025,ses-20210820,level-03B,run-011,sub-cp025_ses-20210820_level-03B_run-011,True,True,True,True,True,True,True,False,True,8,ecg;eda;emg;eye_tracking;head_movement;performance;respiration;xplane
sub-cp025,ses-20210820,level-04B,run-004,sub-cp025_ses-20210820_level-04B_run-004,True,True,True,True,True,True,True,False,True,8,ecg;eda;emg;eye_tracking;head_movement;performance;respiration;xplane
sub-cp025,ses-20210820,level-04B,run-006,sub-cp025_ses-20210820_level-04B_run-006,True,True,True,True,True,True,True,False,True,8,ecg;eda;emg;eye_tracking;head_movement;performance;respiration;xplane
sub-cp025,ses-20210820,level-04B,run-009,sub-cp025_ses-20210820_level-04B_run-009,True,True,True,True,True,True,True,False,True,8,ecg;eda;emg;eye_tracking;head_movement;performance;respiration;xplane
sub-cp026,ses-20210716,level-000,run-001,sub-cp026_ses-20210716_level-000_run-001,True,True,True,True,True,True,True,False,False,7,ecg;eda;emg;eye_tracking;head_movement;respiration;xplane
sub-cp026,ses-20210716,level-000,run-002,sub-cp026_ses-20210716_level-000_run-002,True,True,True,True,True,True,True,False,False,7,ecg;eda;emg;eye_tracking;head_movement;respiration;xplane
sub-cp026,ses-20210716,level-01B,run-001,sub-cp026_ses-20210716_level-01B_run-001,True,True,True,True,True,True,True,False,True,8,ecg;eda;emg;eye_tracking;head_movement;performance;respiration;xplane
sub-cp026,ses-20210716,level-01B,run-007,sub-cp026_ses-20210716_level-01B_run-007,True,True,True,True,True,True,True,False,True,8,ecg;eda;emg;eye_tracking;head_movement;performance;respiration;xplane
sub-cp026,ses-20210716,level-01B,run-012,sub-cp026_ses-20210716_level-01B_run-012,True,True,True,True,True,True,True,False,True,8,ecg;eda;emg;eye_tracking;head_movement;performance;respiration;xplane
sub-cp026,ses-20210716,level-02B,run-003,sub-cp026_ses-20210716_level-02B_run-003,True,True,True,True,True,True,True,False,True,8,ecg;eda;emg;eye_tracking;head_movement;performance;respiration;xplane
sub-cp026,ses-20210716,level-02B,run-008,sub-cp026_ses-20210716_level-02B_run-008,True,True,True,True,True,True,True,False,True,8,ecg;eda;emg;eye_tracking;head_movement;performance;respiration;xplane
sub-cp026,ses-20210716,level-02B,run-010,sub-cp026_ses-20210716_level-02B_run-010,True,True,True,True,True,True,True,False,True,8,ecg;eda;emg;eye_tracking;head_movement;performance;respiration;xplane
sub-cp026,ses-20210716,level-03B,run-002,sub-cp026_ses-20210716_level-03B_run-002,True,True,True,True,True,True,True,False,True,8,ecg;eda;emg;eye_tracking;head_movement;performance;respiration;xplane
sub-cp026,ses-20210716,level-03B,run-005,sub-cp026_ses-20210716_level-03B_run-005,True,True,True,True,True,True,True,False,True,8,ecg;eda;emg;eye_tracking;head_movement;performance;respiration;xplane
sub-cp026,ses-20210716,level-03B,run-011,sub-cp026_ses-20210716_level-03B_run-011,True,True,True,True,True,True,True,False,True,8,ecg;eda;emg;eye_tracking;head_movement;performance;respiration;xplane
sub-cp026,ses-20210716,level-04B,run-004,sub-cp026_ses-20210716_level-04B_run-004,True,True,True,True,True,True,True,False,True,8,ecg;eda;emg;eye_tracking;head_movement;performance;respiration;xplane
sub-cp026,ses-20210716,level-04B,run-006,sub-cp026_ses-20210716_level-04B_run-006,True,True,True,True,True,True,True,False,True,8,ecg;eda;emg;eye_tracking;head_movement;performance;respiration;xplane
sub-cp026,ses-20210716,level-04B,run-009,sub-cp026_ses-20210716_level-04B_run-009,True,True,True,True,True,True,True,False,True,8,ecg;eda;emg;eye_tracking;head_movement;performance;respiration;xplane
sub-cp027,ses-20210722,level-000,run-001,sub-cp027_ses-20210722_level-000_run-001,True,True,True,True,True,True,True,False,False,7,ecg;eda;emg;eye_tracking;head_movement;respiration;xplane
sub-cp027,ses-20210722,level-000,run-002,sub-cp027_ses-20210722_level-000_run-002,True,True,True,True,True,True,True,False,False,7,ecg;eda;emg;eye_tracking;head_movement;respiration;xplane
sub-cp027,ses-20210722,level-01B,run-001,sub-cp027_ses-20210722_level-01B_run-001,True,True,True,True,True,True,True,False,True,8,ecg;eda;emg;eye_tracking;head_movement;performance;respiration;xplane
sub-cp027,ses-20210722,level-01B,run-007,sub-cp027_ses-20210722_level-01B_run-007,True,True,True,True,True,True,True,False,True,8,ecg;eda;emg;eye_tracking;head_movement;performance;respiration;xplane
sub-cp027,ses-20210722,level-01B,run-012,sub-cp027_ses-20210722_level-01B_run-012,True,True,True,True,True,True,True,False,True,8,ecg;eda;emg;eye_tracking;head_movement;performance;respiration;xplane
sub-cp027,ses-20210722,level-02B,run-003,sub-cp027_ses-20210722_level-02B_run-003,True,True,True,True,True,True,True,False,True,8,ecg;eda;emg;eye_tracking;head_movement;performance;respiration;xplane
sub-cp027,ses-20210722,level-02B,run-008,sub-cp027_ses-20210722_level-02B_run-008,True,True,True,True,True,True,True,False,True,8,ecg;eda;emg;eye_tracking;head_movement;performance;respiration;xplane
sub-cp027,ses-20210722,level-02B,run-010,sub-cp027_ses-20210722_level-02B_run-010,True,True,True,True,True,True,True,False,True,8,ecg;eda;emg;eye_tracking;head_movement;performance;respiration;xplane
sub-cp027,ses-20210722,level-03B,run-002,sub-cp027_ses-20210722_level-03B_run-002,True,True,True,True,True,True,True,False,True,8,ecg;eda;emg;eye_tracking;head_movement;performance;respiration;xplane
sub-cp027,ses-20210722,level-03B,run-005,sub-cp027_ses-20210722_level-03B_run-005,True,True,True,True,True,True,True,False,True,8,ecg;eda;emg;eye_tracking;head_movement;performance;respiration;xplane
sub-cp027,ses-20210722,level-03B,run-011,sub-cp027_ses-20210722_level-03B_run-011,True,True,True,True,True,True,True,False,True,8,ecg;eda;emg;eye_tracking;head_movement;performance;respiration;xplane
sub-cp027,ses-20210722,level-04B,run-004,sub-cp027_ses-20210722_level-04B_run-004,True,True,True,True,True,True,True,False,True,8,ecg;eda;emg;eye_tracking;head_movement;performance;respiration;xplane
sub-cp027,ses-20210722,level-04B,run-006,sub-cp027_ses-20210722_level-04B_run-006,True,True,True,True,True,True,True,False,True,8,ecg;eda;emg;eye_tracking;head_movement;performance;respiration;xplane
sub-cp027,ses-20210722,level-04B,run-009,sub-cp027_ses-20210722_level-04B_run-009,True,True,True,True,True,True,True,False,True,8,ecg;eda;emg;eye_tracking;head_movement;performance;respiration;xplane
sub-cp028,ses-20211214,level-000,run-001,sub-cp028_ses-20211214_level-000_run-001,True,True,True,True,True,True,True,False,False,7,ecg;eda;emg;eye_tracking;head_movement;respiration;xplane
sub-cp028,ses-20211214,level-000,run-002,sub-cp028_ses-20211214_level-000_run-002,True,True,True,True,True,True,True,False,False,7,ecg;eda;emg;eye_tracking;head_movement;respiration;xplane
sub-cp028,ses-20211214,level-01B,run-001,sub-cp028_ses-20211214_level-01B_run-001,True,True,True,True,True,True,True,False,True,8,ecg;eda;emg;eye_tracking;head_movement;performance;respiration;xplane
sub-cp028,ses-20211214,level-01B,run-007,sub-cp028_ses-20211214_level-01B_run-007,True,True,True,True,True,True,True,False,True,8,ecg;eda;emg;eye_tracking;head_movement;performance;respiration;xplane
sub-cp028,ses-20211214,level-01B,run-012,sub-cp028_ses-20211214_level-01B_run-012,True,True,True,True,True,True,True,False,True,8,ecg;eda;emg;eye_tracking;head_movement;performance;respiration;xplane
sub-cp028,ses-20211214,level-02B,run-003,sub-cp028_ses-20211214_level-02B_run-003,True,True,True,True,True,True,True,False,True,8,ecg;eda;emg;eye_tracking;head_movement;performance;respiration;xplane
sub-cp028,ses-20211214,level-02B,run-008,sub-cp028_ses-20211214_level-02B_run-008,True,True,True,True,True,True,True,False,True,8,ecg;eda;emg;eye_tracking;head_movement;performance;respiration;xplane
sub-cp028,ses-20211214,level-02B,run-010,sub-cp028_ses-20211214_level-02B_run-010,True,True,True,True,True,True,True,False,True,8,ecg;eda;emg;eye_tracking;head_movement;performance;respiration;xplane
sub-cp028,ses-20211214,level-03B,run-002,sub-cp028_ses-20211214_level-03B_run-002,True,True,True,True,True,True,True,False,True,8,ecg;eda;emg;eye_tracking;head_movement;performance;respiration;xplane
sub-cp028,ses-20211214,level-03B,run-005,sub-cp028_ses-20211214_level-03B_run-005,True,True,True,True,True,True,True,False,True,8,ecg;eda;emg;eye_tracking;head_movement;performance;respiration;xplane
sub-cp028,ses-20211214,level-03B,run-011,sub-cp028_ses-20211214_level-03B_run-011,True,True,True,True,True,True,True,False,True,8,ecg;eda;emg;eye_tracking;head_movement;performance;respiration;xplane
sub-cp028,ses-20211214,level-04B,run-004,sub-cp028_ses-20211214_level-04B_run-004,True,True,True,True,True,True,True,False,True,8,ecg;eda;emg;eye_tracking;head_movement;performance;respiration;xplane
sub-cp028,ses-20211214,level-04B,run-006,sub-cp028_ses-20211214_level-04B_run-006,True,True,True,True,True,True,True,False,True,8,ecg;eda;emg;eye_tracking;head_movement;performance;respiration;xplane
sub-cp028,ses-20211214,level-04B,run-009,sub-cp028_ses-20211214_level-04B_run-009,True,True,True,True,True,True,True,False,True,8,ecg;eda;emg;eye_tracking;head_movement;performance;respiration;xplane
sub-cp029,ses-20220119,level-000,run-001,sub-cp029_ses-20220119_level-000_run-001,True,True,True,True,True,True,True,False,False,7,ecg;eda;emg;eye_tracking;head_movement;respiration;xplane
sub-cp029,ses-20220119,level-000,run-002,sub-cp029_ses-20220119_level-000_run-002,True,True,True,True,True,True,True,False,False,7,ecg;eda;emg;eye_tracking;head_movement;respiration;xplane
sub-cp029,ses-20220119,level-01B,run-001,sub-cp029_ses-20220119_level-01B_run-001,True,True,True,True,True,True,True,False,True,8,ecg;eda;emg;eye_tracking;head_movement;performance;respiration;xplane
sub-cp029,ses-20220119,level-01B,run-007,sub-cp029_ses-20220119_level-01B_run-007,True,True,True,True,True,True,True,False,True,8,ecg;eda;emg;eye_tracking;head_movement;performance;respiration;xplane
sub-cp029,ses-20220119,level-01B,run-012,sub-cp029_ses-20220119_level-01B_run-012,True,True,True,True,True,True,True,False,True,8,ecg;eda;emg;eye_tracking;head_movement;performance;respiration;xplane
sub-cp029,ses-20220119,level-02B,run-003,sub-cp029_ses-20220119_level-02B_run-003,True,True,True,True,True,True,True,False,True,8,ecg;eda;emg;eye_tracking;head_movement;performance;respiration;xplane
sub-cp029,ses-20220119,level-02B,run-008,sub-cp029_ses-20220119_level-02B_run-008,True,True,True,True,True,True,True,False,True,8,ecg;eda;emg;eye_tracking;head_movement;performance;respiration;xplane
sub-cp029,ses-20220119,level-02B,run-010,sub-cp029_ses-20220119_level-02B_run-010,True,True,True,True,True,True,True,False,True,8,ecg;eda;emg;eye_tracking;head_movement;performance;respiration;xplane
sub-cp029,ses-20220119,level-03B,run-002,sub-cp029_ses-20220119_level-03B_run-002,True,True,True,True,True,True,True,False,True,8,ecg;eda;emg;eye_tracking;head_movement;performance;respiration;xplane
sub-cp029,ses-20220119,level-03B,run-005,sub-cp029_ses-20220119_level-03B_run-005,True,True,True,True,True,True,True,False,True,8,ecg;eda;emg;eye_tracking;head_movement;performance;respiration;xplane
sub-cp029,ses-20220119,level-03B,run-011,sub-cp029_ses-20220119_level-03B_run-011,True,True,True,True,True,True,True,False,True,8,ecg;eda;emg;eye_tracking;head_movement;performance;respiration;xplane
sub-cp029,ses-20220119,level-04B,run-004,sub-cp029_ses-20220119_level-04B_run-004,True,True,True,True,True,True,True,False,True,8,ecg;eda;emg;eye_tracking;head_movement;performance;respiration;xplane
sub-cp029,ses-20220119,level-04B,run-006,sub-cp029_ses-20220119_level-04B_run-006,True,True,True,True,True,True,True,False,True,8,ecg;eda;emg;eye_tracking;head_movement;performance;respiration;xplane
sub-cp029,ses-20220119,level-04B,run-009,sub-cp029_ses-20220119_level-04B_run-009,True,True,True,True,True,True,True,False,True,8,ecg;eda;emg;eye_tracking;head_movement;performance;respiration;xplane
sub-cp030,ses-20211025,level-000,run-001,sub-cp030_ses-20211025_level-000_run-001,True,True,True,True,True,True,True,False,False,7,ecg;eda;emg;eye_tracking;head_movement;respiration;xplane
sub-cp030,ses-20211025,level-000,run-002,sub-cp030_ses-20211025_level-000_run-002,True,True,True,True,True,True,True,False,False,7,ecg;eda;emg;eye_tracking;head_movement;respiration;xplane
sub-cp030,ses-20211025,level-01B,run-001,sub-cp030_ses-20211025_level-01B_run-001,True,True,True,True,True,True,True,False,True,8,ecg;eda;emg;eye_tracking;head_movement;performance;respiration;xplane
sub-cp030,ses-20211025,level-01B,run-007,sub-cp030_ses-20211025_level-01B_run-007,True,True,True,True,True,True,True,False,True,8,ecg;eda;emg;eye_tracking;head_movement;performance;respiration;xplane
sub-cp030,ses-20211025,level-01B,run-012,sub-cp030_ses-20211025_level-01B_run-012,True,True,True,True,True,True,True,False,True,8,ecg;eda;emg;eye_tracking;head_movement;performance;respiration;xplane
sub-cp030,ses-20211025,level-02B,run-003,sub-cp030_ses-20211025_level-02B_run-003,True,True,True,True,True,True,True,False,True,8,ecg;eda;emg;eye_tracking;head_movement;performance;respiration;xplane
sub-cp030,ses-20211025,level-02B,run-008,sub-cp030_ses-20211025_level-02B_run-008,True,True,True,True,True,True,True,False,True,8,ecg;eda;emg;eye_tracking;head_movement;performance;respiration;xplane
sub-cp030,ses-20211025,level-02B,run-010,sub-cp030_ses-20211025_level-02B_run-010,True,True,True,True,True,True,True,False,True,8,ecg;eda;emg;eye_tracking;head_movement;performance;respiration;xplane
sub-cp030,ses-20211025,level-03B,run-002,sub-cp030_ses-20211025_level-03B_run-002,True,True,True,True,True,True,True,False,True,8,ecg;eda;emg;eye_tracking;head_movement;performance;respiration;xplane
sub-cp030,ses-20211025,level-03B,run-011,sub-cp030_ses-20211025_level-03B_run-011,True,True,True,True,True,True,True,False,True,8,ecg;eda;emg;eye_tracking;head_movement;performance;respiration;xplane
sub-cp030,ses-20211025,level-04B,run-004,sub-cp030_ses-20211025_level-04B_run-004,True,True,True,True,True,True,True,False,True,8,ecg;eda;emg;eye_tracking;head_movement;performance;respiration;xplane
sub-cp030,ses-20211025,level-04B,run-006,sub-cp030_ses-20211025_level-04B_run-006,True,True,True,True,True,True,True,False,True,8,ecg;eda;emg;eye_tracking;head_movement;performance;respiration;xplane
sub-cp030,ses-20211025,level-04B,run-009,sub-cp030_ses-20211025_level-04B_run-009,True,True,True,True,True,True,True,False,True,8,ecg;eda;emg;eye_tracking;head_movement;performance;respiration;xplane
sub-cp031,ses-20211216,level-000,run-001,sub-cp031_ses-20211216_level-000_run-001,True,True,True,True,True,True,True,False,False,7,ecg;eda;emg;eye_tracking;head_movement;respiration;xplane
sub-cp031,ses-20211216,level-000,run-002,sub-cp031_ses-20211216_level-000_run-002,True,True,True,True,True,True,True,False,False,7,ecg;eda;emg;eye_tracking;head_movement;respiration;xplane
sub-cp031,ses-20211216,level-01B,run-001,sub-cp031_ses-20211216_level-01B_run-001,True,True,True,True,True,True,True,False,True,8,ecg;eda;emg;eye_tracking;head_movement;performance;respiration;xplane
sub-cp031,ses-20211216,level-01B,run-007,sub-cp031_ses-20211216_level-01B_run-007,True,True,True,True,True,True,True,False,True,8,ecg;eda;emg;eye_tracking;head_movement;performance;respiration;xplane
sub-cp031,ses-20211216,level-02B,run-003,sub-cp031_ses-20211216_level-02B_run-003,True,True,True,True,True,True,True,False,True,8,ecg;eda;emg;eye_tracking;head_movement;performance;respiration;xplane
sub-cp031,ses-20211216,level-02B,run-008,sub-cp031_ses-20211216_level-02B_run-008,True,True,True,True,True,True,True,False,True,8,ecg;eda;emg;eye_tracking;head_movement;performance;respiration;xplane
sub-cp031,ses-20211216,level-02B,run-010,sub-cp031_ses-20211216_level-02B_run-010,True,True,True,True,True,True,True,False,True,8,ecg;eda;emg;eye_tracking;head_movement;performance;respiration;xplane
sub-cp031,ses-20211216,level-02B,run-012,sub-cp031_ses-20211216_level-02B_run-012,True,True,True,True,True,True,True,False,True,8,ecg;eda;emg;eye_tracking;head_movement;performance;respiration;xplane
sub-cp031,ses-20211216,level-03B,run-002,sub-cp031_ses-20211216_level-03B_run-002,True,True,True,True,True,True,True,False,True,8,ecg;eda;emg;eye_tracking;head_movement;performance;respiration;xplane
sub-cp031,ses-20211216,level-03B,run-005,sub-cp031_ses-20211216_level-03B_run-005,True,True,True,True,True,True,True,False,True,8,ecg;eda;emg;eye_tracking;head_movement;performance;respiration;xplane
sub-cp031,ses-20211216,level-03B,run-011,sub-cp031_ses-20211216_level-03B_run-011,True,True,True,True,True,True,True,False,True,8,ecg;eda;emg;eye_tracking;head_movement;performance;respiration;xplane
sub-cp031,ses-20211216,level-04B,run-004,sub-cp031_ses-20211216_level-04B_run-004,True,True,True,True,True,True,True,False,True,8,ecg;eda;emg;eye_tracking;head_movement;performance;respiration;xplane
sub-cp031,ses-20211216,level-04B,run-006,sub-cp031_ses-20211216_level-04B_run-006,True,True,True,True,True,True,True,False,True,8,ecg;eda;emg;eye_tracking;head_movement;performance;respiration;xplane
sub-cp031,ses-20211216,level-04B,run-009,sub-cp031_ses-20211216_level-04B_run-009,True,True,True,True,True,True,True,False,True,8,ecg;eda;emg;eye_tracking;head_movement;performance;respiration;xplane
sub-cp032,ses-20211105,level-000,run-001,sub-cp032_ses-20211105_level-000_run-001,True,True,True,True,True,True,True,False,False,7,ecg;eda;emg;eye_tracking;head_movement;respiration;xplane
sub-cp032,ses-20211105,level-000,run-002,sub-cp032_ses-20211105_level-000_run-002,True,True,True,True,True,True,True,False,False,7,ecg;eda;emg;eye_tracking;head_movement;respiration;xplane
sub-cp032,ses-20211105,level-01B,run-001,sub-cp032_ses-20211105_level-01B_run-001,True,True,True,True,True,True,True,False,True,8,ecg;eda;emg;eye_tracking;head_movement;performance;respiration;xplane
sub-cp032,ses-20211105,level-01B,run-007,sub-cp032_ses-20211105_level-01B_run-007,True,True,True,True,True,True,True,False,True,8,ecg;eda;emg;eye_tracking;head_movement;performance;respiration;xplane
sub-cp032,ses-20211105,level-01B,run-012,sub-cp032_ses-20211105_level-01B_run-012,True,True,True,True,True,True,True,False,True,8,ecg;eda;emg;eye_tracking;head_movement;performance;respiration;xplane
sub-cp032,ses-20211105,level-02B,run-003,sub-cp032_ses-20211105_level-02B_run-003,True,True,True,True,True,True,True,False,True,8,ecg;eda;emg;eye_tracking;head_movement;performance;respiration;xplane
sub-cp032,ses-20211105,level-02B,run-008,sub-cp032_ses-20211105_level-02B_run-008,True,True,True,True,True,True,True,False,True,8,ecg;eda;emg;eye_tracking;head_movement;performance;respiration;xplane
sub-cp032,ses-20211105,level-02B,run-010,sub-cp032_ses-20211105_level-02B_run-010,True,True,True,True,True,True,True,False,True,8,ecg;eda;emg;eye_tracking;head_movement;performance;respiration;xplane
sub-cp032,ses-20211105,level-03B,run-002,sub-cp032_ses-20211105_level-03B_run-002,True,True,True,True,True,True,True,False,True,8,ecg;eda;emg;eye_tracking;head_movement;performance;respiration;xplane
sub-cp032,ses-20211105,level-03B,run-005,sub-cp032_ses-20211105_level-03B_run-005,True,True,True,True,True,True,True,False,True,8,ecg;eda;emg;eye_tracking;head_movement;performance;respiration;xplane
sub-cp032,ses-20211105,level-03B,run-011,sub-cp032_ses-20211105_level-03B_run-011,True,True,True,True,True,True,True,False,True,8,ecg;eda;emg;eye_tracking;head_movement;performance;respiration;xplane
sub-cp032,ses-20211105,level-04B,run-004,sub-cp032_ses-20211105_level-04B_run-004,True,True,True,True,True,True,True,False,True,8,ecg;eda;emg;eye_tracking;head_movement;performance;respiration;xplane
sub-cp032,ses-20211105,level-04B,run-006,sub-cp032_ses-20211105_level-04B_run-006,True,True,True,True,True,True,True,False,True,8,ecg;eda;emg;eye_tracking;head_movement;performance;respiration;xplane
sub-cp032,ses-20211105,level-04B,run-009,sub-cp032_ses-20211105_level-04B_run-009,True,True,True,True,True,True,True,False,True,8,ecg;eda;emg;eye_tracking;head_movement;performance;respiration;xplane
sub-cp033,ses-20211215,level-000,run-001,sub-cp033_ses-20211215_level-000_run-001,True,True,True,True,True,True,True,False,False,7,ecg;eda;emg;eye_tracking;head_movement;respiration;xplane
sub-cp033,ses-20211215,level-000,run-002,sub-cp033_ses-20211215_level-000_run-002,True,True,True,True,True,True,True,False,False,7,ecg;eda;emg;eye_tracking;head_movement;respiration;xplane
sub-cp033,ses-20211215,level-01B,run-001,sub-cp033_ses-20211215_level-01B_run-001,True,True,True,True,True,True,True,False,True,8,ecg;eda;emg;eye_tracking;head_movement;performance;respiration;xplane
sub-cp033,ses-20211215,level-01B,run-007,sub-cp033_ses-20211215_level-01B_run-007,True,True,True,True,True,True,True,False,True,8,ecg;eda;emg;eye_tracking;head_movement;performance;respiration;xplane
sub-cp033,ses-20211215,level-01B,run-012,sub-cp033_ses-20211215_level-01B_run-012,True,True,True,True,True,True,True,False,True,8,ecg;eda;emg;eye_tracking;head_movement;performance;respiration;xplane
sub-cp033,ses-20211215,level-02B,run-003,sub-cp033_ses-20211215_level-02B_run-003,True,True,True,True,True,True,True,False,True,8,ecg;eda;emg;eye_tracking;head_movement;performance;respiration;xplane
sub-cp033,ses-20211215,level-02B,run-008,sub-cp033_ses-20211215_level-02B_run-008,True,True,True,True,True,True,True,False,True,8,ecg;eda;emg;eye_tracking;head_movement;performance;respiration;xplane
sub-cp033,ses-20211215,level-02B,run-010,sub-cp033_ses-20211215_level-02B_run-010,True,True,True,True,True,True,True,False,True,8,ecg;eda;emg;eye_tracking;head_movement;performance;respiration;xplane
sub-cp033,ses-20211215,level-03B,run-002,sub-cp033_ses-20211215_level-03B_run-002,True,True,True,True,True,True,True,False,True,8,ecg;eda;emg;eye_tracking;head_movement;performance;respiration;xplane
sub-cp033,ses-20211215,level-03B,run-005,sub-cp033_ses-20211215_level-03B_run-005,True,True,True,True,True,True,True,False,True,8,ecg;eda;emg;eye_tracking;head_movement;performance;respiration;xplane
sub-cp033,ses-20211215,level-03B,run-011,sub-cp033_ses-20211215_level-03B_run-011,True,True,True,True,True,True,True,False,True,8,ecg;eda;emg;eye_tracking;head_movement;performance;respiration;xplane
sub-cp033,ses-20211215,level-04B,run-004,sub-cp033_ses-20211215_level-04B_run-004,True,True,True,True,True,True,True,False,True,8,ecg;eda;emg;eye_tracking;head_movement;performance;respiration;xplane
sub-cp033,ses-20211215,level-04B,run-006,sub-cp033_ses-20211215_level-04B_run-006,True,True,True,True,True,True,True,False,True,8,ecg;eda;emg;eye_tracking;head_movement;performance;respiration;xplane
sub-cp033,ses-20211215,level-04B,run-009,sub-cp033_ses-20211215_level-04B_run-009,True,True,True,True,True,True,True,False,True,8,ecg;eda;emg;eye_tracking;head_movement;performance;respiration;xplane
sub-cp035,ses-20220125,level-000,run-001,sub-cp035_ses-20220125_level-000_run-001,True,True,True,True,True,True,True,False,False,7,ecg;eda;emg;eye_tracking;head_movement;respiration;xplane
sub-cp035,ses-20220125,level-000,run-002,sub-cp035_ses-20220125_level-000_run-002,True,True,True,True,True,True,True,False,False,7,ecg;eda;emg;eye_tracking;head_movement;respiration;xplane
sub-cp035,ses-20220125,level-01B,run-001,sub-cp035_ses-20220125_level-01B_run-001,True,True,True,True,True,True,True,False,True,8,ecg;eda;emg;eye_tracking;head_movement;performance;respiration;xplane
sub-cp035,ses-20220125,level-01B,run-007,sub-cp035_ses-20220125_level-01B_run-007,True,True,True,True,True,True,True,False,True,8,ecg;eda;emg;eye_tracking;head_movement;performance;respiration;xplane
sub-cp035,ses-20220125,level-01B,run-012,sub-cp035_ses-20220125_level-01B_run-012,True,True,True,True,True,True,True,False,True,8,ecg;eda;emg;eye_tracking;head_movement;performance;respiration;xplane
sub-cp035,ses-20220125,level-02B,run-003,sub-cp035_ses-20220125_level-02B_run-003,True,True,True,True,True,True,True,False,True,8,ecg;eda;emg;eye_tracking;head_movement;performance;respiration;xplane
sub-cp035,ses-20220125,level-02B,run-008,sub-cp035_ses-20220125_level-02B_run-008,True,True,True,True,True,True,True,False,True,8,ecg;eda;emg;eye_tracking;head_movement;performance;respiration;xplane
sub-cp035,ses-20220125,level-02B,run-010,sub-cp035_ses-20220125_level-02B_run-010,True,True,True,True,True,True,True,False,True,8,ecg;eda;emg;eye_tracking;head_movement;performance;respiration;xplane
sub-cp035,ses-20220125,level-03B,run-002,sub-cp035_ses-20220125_level-03B_run-002,True,True,True,True,True,True,True,False,True,8,ecg;eda;emg;eye_tracking;head_movement;performance;respiration;xplane
sub-cp035,ses-20220125,level-03B,run-005,sub-cp035_ses-20220125_level-03B_run-005,True,True,True,True,True,True,True,False,True,8,ecg;eda;emg;eye_tracking;head_movement;performance;respiration;xplane
sub-cp035,ses-20220125,level-03B,run-011,sub-cp035_ses-20220125_level-03B_run-011,True,True,True,True,True,True,True,False,True,8,ecg;eda;emg;eye_tracking;head_movement;performance;respiration;xplane
sub-cp035,ses-20220125,level-04B,run-004,sub-cp035_ses-20220125_level-04B_run-004,True,True,True,True,True,True,True,False,True,8,ecg;eda;emg;eye_tracking;head_movement;performance;respiration;xplane
sub-cp035,ses-20220125,level-04B,run-006,sub-cp035_ses-20220125_level-04B_run-006,True,True,True,True,True,True,True,False,True,8,ecg;eda;emg;eye_tracking;head_movement;performance;respiration;xplane
sub-cp035,ses-20220125,level-04B,run-009,sub-cp035_ses-20220125_level-04B_run-009,True,True,True,True,True,True,True,False,True,8,ecg;eda;emg;eye_tracking;head_movement;performance;respiration;xplane
sub-cp036,ses-20211218,level-000,run-001,sub-cp036_ses-20211218_level-000_run-001,True,True,True,True,True,True,True,False,False,7,ecg;eda;emg;eye_tracking;head_movement;respiration;xplane
sub-cp036,ses-20211218,level-01B,run-001,sub-cp036_ses-20211218_level-01B_run-001,True,True,True,True,True,True,True,False,True,8,ecg;eda;emg;eye_tracking;head_movement;performance;respiration;xplane
sub-cp036,ses-20211218,level-01B,run-007,sub-cp036_ses-20211218_level-01B_run-007,True,True,True,True,True,True,True,False,True,8,ecg;eda;emg;eye_tracking;head_movement;performance;respiration;xplane
sub-cp036,ses-20211218,level-01B,run-012,sub-cp036_ses-20211218_level-01B_run-012,True,True,True,True,True,True,True,False,True,8,ecg;eda;emg;eye_tracking;head_movement;performance;respiration;xplane
sub-cp036,ses-20211218,level-02B,run-003,sub-cp036_ses-20211218_level-02B_run-003,True,True,True,True,True,True,True,False,True,8,ecg;eda;emg;eye_tracking;head_movement;performance;respiration;xplane
sub-cp036,ses-20211218,level-02B,run-008,sub-cp036_ses-20211218_level-02B_run-008,True,True,True,True,True,True,True,False,True,8,ecg;eda;emg;eye_tracking;head_movement;performance;respiration;xplane
sub-cp036,ses-20211218,level-02B,run-010,sub-cp036_ses-20211218_level-02B_run-010,True,True,True,True,True,True,True,False,True,8,ecg;eda;emg;eye_tracking;head_movement;performance;respiration;xplane
sub-cp036,ses-20211218,level-03B,run-002,sub-cp036_ses-20211218_level-03B_run-002,True,True,True,True,True,True,True,False,True,8,ecg;eda;emg;eye_tracking;head_movement;performance;respiration;xplane
sub-cp036,ses-20211218,level-03B,run-005,sub-cp036_ses-20211218_level-03B_run-005,True,True,True,True,True,True,True,False,True,8,ecg;eda;emg;eye_tracking;head_movement;performance;respiration;xplane
sub-cp036,ses-20211218,level-03B,run-011,sub-cp036_ses-20211218_level-03B_run-011,True,True,True,True,True,True,True,False,True,8,ecg;eda;emg;eye_tracking;head_movement;performance;respiration;xplane
sub-cp036,ses-20211218,level-04B,run-004,sub-cp036_ses-20211218_level-04B_run-004,True,True,True,True,True,True,True,False,True,8,ecg;eda;emg;eye_tracking;head_movement;performance;respiration;xplane
sub-cp036,ses-20211218,level-04B,run-006,sub-cp036_ses-20211218_level-04B_run-006,True,True,True,True,True,True,True,False,True,8,ecg;eda;emg;eye_tracking;head_movement;performance;respiration;xplane
sub-cp036,ses-20211218,level-04B,run-009,sub-cp036_ses-20211218_level-04B_run-009,True,True,True,True,True,True,True,False,True,8,ecg;eda;emg;eye_tracking;head_movement;performance;respiration;xplane
sub-cp037,ses-20210113,level-000,run-001,sub-cp037_ses-20210113_level-000_run-001,True,True,True,True,True,True,True,False,False,7,ecg;eda;emg;eye_tracking;head_movement;respiration;xplane
sub-cp037,ses-20210113,level-000,run-002,sub-cp037_ses-20210113_level-000_run-002,True,True,True,True,True,True,True,False,False,7,ecg;eda;emg;eye_tracking;head_movement;respiration;xplane
sub-cp037,ses-20210113,level-01B,run-001,sub-cp037_ses-20210113_level-01B_run-001,True,True,True,True,True,True,True,False,True,8,ecg;eda;emg;eye_tracking;head_movement;performance;respiration;xplane
sub-cp037,ses-20210113,level-01B,run-007,sub-cp037_ses-20210113_level-01B_run-007,True,True,True,True,True,True,True,False,True,8,ecg;eda;emg;eye_tracking;head_movement;performance;respiration;xplane
sub-cp037,ses-20210113,level-01B,run-012,sub-cp037_ses-20210113_level-01B_run-012,True,True,True,True,True,True,True,False,True,8,ecg;eda;emg;eye_tracking;head_movement;performance;respiration;xplane
sub-cp037,ses-20210113,level-02B,run-003,sub-cp037_ses-20210113_level-02B_run-003,True,True,True,True,True,True,True,False,True,8,ecg;eda;emg;eye_tracking;head_movement;performance;respiration;xplane
sub-cp037,ses-20210113,level-02B,run-008,sub-cp037_ses-20210113_level-02B_run-008,True,True,True,True,True,True,True,False,True,8,ecg;eda;emg;eye_tracking;head_movement;performance;respiration;xplane
sub-cp037,ses-20210113,level-02B,run-010,sub-cp037_ses-20210113_level-02B_run-010,True,True,True,True,True,True,True,False,True,8,ecg;eda;emg;eye_tracking;head_movement;performance;respiration;xplane
sub-cp037,ses-20210113,level-03B,run-002,sub-cp037_ses-20210113_level-03B_run-002,True,True,True,True,True,True,True,False,True,8,ecg;eda;emg;eye_tracking;head_movement;performance;respiration;xplane
sub-cp037,ses-20210113,level-03B,run-005,sub-cp037_ses-20210113_level-03B_run-005,True,True,True,True,True,True,True,False,True,8,ecg;eda;emg;eye_tracking;head_movement;performance;respiration;xplane
sub-cp037,ses-20210113,level-03B,run-011,sub-cp037_ses-20210113_level-03B_run-011,True,True,True,True,True,True,True,False,True,8,ecg;eda;emg;eye_tracking;head_movement;performance;respiration;xplane
sub-cp037,ses-20210113,level-04B,run-004,sub-cp037_ses-20210113_level-04B_run-004,True,True,True,True,True,True,True,False,True,8,ecg;eda;emg;eye_tracking;head_movement;performance;respiration;xplane
sub-cp037,ses-20210113,level-04B,run-006,sub-cp037_ses-20210113_level-04B_run-006,True,True,True,True,True,True,True,False,True,8,ecg;eda;emg;eye_tracking;head_movement;performance;respiration;xplane
sub-cp037,ses-20210113,level-04B,run-009,sub-cp037_ses-20210113_level-04B_run-009,True,True,True,True,True,True,True,False,True,8,ecg;eda;emg;eye_tracking;head_movement;performance;respiration;xplane
sub-cp038,ses-20220112,level-000,run-001,sub-cp038_ses-20220112_level-000_run-001,True,True,True,True,True,True,True,False,False,7,ecg;eda;emg;eye_tracking;head_movement;respiration;xplane
sub-cp038,ses-20220112,level-000,run-002,sub-cp038_ses-20220112_level-000_run-002,True,True,True,True,True,True,True,False,False,7,ecg;eda;emg;eye_tracking;head_movement;respiration;xplane
sub-cp038,ses-20220112,level-01B,run-001,sub-cp038_ses-20220112_level-01B_run-001,True,True,True,True,True,True,True,False,True,8,ecg;eda;emg;eye_tracking;head_movement;performance;respiration;xplane
sub-cp038,ses-20220112,level-01B,run-007,sub-cp038_ses-20220112_level-01B_run-007,True,True,True,True,True,True,True,False,True,8,ecg;eda;emg;eye_tracking;head_movement;performance;respiration;xplane
sub-cp038,ses-20220112,level-01B,run-012,sub-cp038_ses-20220112_level-01B_run-012,True,True,True,True,True,True,True,False,True,8,ecg;eda;emg;eye_tracking;head_movement;performance;respiration;xplane
sub-cp038,ses-20220112,level-02B,run-003,sub-cp038_ses-20220112_level-02B_run-003,True,True,True,True,True,True,True,False,True,8,ecg;eda;emg;eye_tracking;head_movement;performance;respiration;xplane
sub-cp038,ses-20220112,level-02B,run-008,sub-cp038_ses-20220112_level-02B_run-008,True,True,True,True,True,True,True,False,True,8,ecg;eda;emg;eye_tracking;head_movement;performance;respiration;xplane
sub-cp038,ses-20220112,level-02B,run-010,sub-cp038_ses-20220112_level-02B_run-010,True,True,True,True,True,True,True,False,True,8,ecg;eda;emg;eye_tracking;head_movement;performance;respiration;xplane
sub-cp038,ses-20220112,level-03B,run-002,sub-cp038_ses-20220112_level-03B_run-002,True,True,True,True,True,True,True,False,True,8,ecg;eda;emg;eye_tracking;head_movement;performance;respiration;xplane
sub-cp038,ses-20220112,level-03B,run-005,sub-cp038_ses-20220112_level-03B_run-005,True,True,True,True,True,True,True,False,True,8,ecg;eda;emg;eye_tracking;head_movement;performance;respiration;xplane
sub-cp038,ses-20220112,level-03B,run-011,sub-cp038_ses-20220112_level-03B_run-011,True,True,True,True,True,True,True,False,True,8,ecg;eda;emg;eye_tracking;head_movement;performance;respiration;xplane
sub-cp038,ses-20220112,level-04B,run-004,sub-cp038_ses-20220112_level-04B_run-004,True,True,True,True,True,True,True,False,True,8,ecg;eda;emg;eye_tracking;head_movement;performance;respiration;xplane
sub-cp038,ses-20220112,level-04B,run-006,sub-cp038_ses-20220112_level-04B_run-006,True,True,True,True,True,True,True,False,True,8,ecg;eda;emg;eye_tracking;head_movement;performance;respiration;xplane
sub-cp038,ses-20220112,level-04B,run-009,sub-cp038_ses-20220112_level-04B_run-009,True,True,True,True,True,True,True,False,True,8,ecg;eda;emg;eye_tracking;head_movement;performance;respiration;xplane
sub-cp039,ses-20211219,level-000,run-001,sub-cp039_ses-20211219_level-000_run-001,True,True,True,True,True,True,True,False,False,7,ecg;eda;emg;eye_tracking;head_movement;respiration;xplane
sub-cp039,ses-20211219,level-000,run-002,sub-cp039_ses-20211219_level-000_run-002,True,True,True,True,True,True,True,False,False,7,ecg;eda;emg;eye_tracking;head_movement;respiration;xplane
sub-cp039,ses-20211219,level-01B,run-001,sub-cp039_ses-20211219_level-01B_run-001,True,True,True,True,True,True,True,False,True,8,ecg;eda;emg;eye_tracking;head_movement;performance;respiration;xplane
sub-cp039,ses-20211219,level-01B,run-007,sub-cp039_ses-20211219_level-01B_run-007,True,True,True,True,True,True,True,False,True,8,ecg;eda;emg;eye_tracking;head_movement;performance;respiration;xplane
sub-cp039,ses-20211219,level-01B,run-012,sub-cp039_ses-20211219_level-01B_run-012,True,True,True,True,True,True,True,False,True,8,ecg;eda;emg;eye_tracking;head_movement;performance;respiration;xplane
sub-cp039,ses-20211219,level-02B,run-003,sub-cp039_ses-20211219_level-02B_run-003,True,True,True,True,True,True,True,False,True,8,ecg;eda;emg;eye_tracking;head_movement;performance;respiration;xplane
sub-cp039,ses-20211219,level-02B,run-008,sub-cp039_ses-20211219_level-02B_run-008,True,True,True,True,True,True,True,False,True,8,ecg;eda;emg;eye_tracking;head_movement;performance;respiration;xplane
sub-cp039,ses-20211219,level-02B,run-010,sub-cp039_ses-20211219_level-02B_run-010,True,True,True,True,True,True,True,False,True,8,ecg;eda;emg;eye_tracking;head_movement;performance;respiration;xplane
sub-cp039,ses-20211219,level-03B,run-002,sub-cp039_ses-20211219_level-03B_run-002,True,True,True,True,True,True,True,False,True,8,ecg;eda;emg;eye_tracking;head_movement;performance;respiration;xplane
sub-cp039,ses-20211219,level-03B,run-005,sub-cp039_ses-20211219_level-03B_run-005,True,True,True,True,True,True,True,False,True,8,ecg;eda;emg;eye_tracking;head_movement;performance;respiration;xplane
sub-cp039,ses-20211219,level-03B,run-011,sub-cp039_ses-20211219_level-03B_run-011,True,True,True,True,True,True,True,False,True,8,ecg;eda;emg;eye_tracking;head_movement;performance;respiration;xplane
sub-cp039,ses-20211219,level-04B,run-004,sub-cp039_ses-20211219_level-04B_run-004,True,True,True,True,True,True,True,False,True,8,ecg;eda;emg;eye_tracking;head_movement;performance;respiration;xplane
sub-cp039,ses-20211219,level-04B,run-006,sub-cp039_ses-20211219_level-04B_run-006,True,True,True,True,True,True,True,False,True,8,ecg;eda;emg;eye_tracking;head_movement;performance;respiration;xplane
sub-cp039,ses-20211219,level-04B,run-009,sub-cp039_ses-20211219_level-04B_run-009,True,True,True,True,True,True,True,False,True,8,ecg;eda;emg;eye_tracking;head_movement;performance;respiration;xplane
sub-cp042,ses-20220111,level-000,run-001,sub-cp042_ses-20220111_level-000_run-001,True,True,True,True,True,True,True,False,False,7,ecg;eda;emg;eye_tracking;head_movement;respiration;xplane
sub-cp042,ses-20220111,level-000,run-002,sub-cp042_ses-20220111_level-000_run-002,True,True,True,True,True,True,True,False,False,7,ecg;eda;emg;eye_tracking;head_movement;respiration;xplane
sub-cp042,ses-20220111,level-01B,run-001,sub-cp042_ses-20220111_level-01B_run-001,True,True,True,True,True,True,True,False,True,8,ecg;eda;emg;eye_tracking;head_movement;performance;respiration;xplane
sub-cp042,ses-20220111,level-01B,run-007,sub-cp042_ses-20220111_level-01B_run-007,True,True,True,True,True,True,True,False,True,8,ecg;eda;emg;eye_tracking;head_movement;performance;respiration;xplane
sub-cp042,ses-20220111,level-01B,run-012,sub-cp042_ses-20220111_level-01B_run-012,True,True,True,True,True,True,True,False,True,8,ecg;eda;emg;eye_tracking;head_movement;performance;respiration;xplane
sub-cp042,ses-20220111,level-02B,run-003,sub-cp042_ses-20220111_level-02B_run-003,True,True,True,True,True,True,True,False,True,8,ecg;eda;emg;eye_tracking;head_movement;performance;respiration;xplane
sub-cp042,ses-20220111,level-02B,run-008,sub-cp042_ses-20220111_level-02B_run-008,True,True,True,True,True,True,True,False,True,8,ecg;eda;emg;eye_tracking;head_movement;performance;respiration;xplane
sub-cp042,ses-20220111,level-02B,run-010,sub-cp042_ses-20220111_level-02B_run-010,True,True,True,True,True,True,True,False,True,8,ecg;eda;emg;eye_tracking;head_movement;performance;respiration;xplane
sub-cp042,ses-20220111,level-03B,run-002,sub-cp042_ses-20220111_level-03B_run-002,True,True,True,True,True,True,True,False,True,8,ecg;eda;emg;eye_tracking;head_movement;performance;respiration;xplane
sub-cp042,ses-20220111,level-03B,run-005,sub-cp042_ses-20220111_level-03B_run-005,True,True,True,True,True,True,True,False,True,8,ecg;eda;emg;eye_tracking;head_movement;performance;respiration;xplane
sub-cp042,ses-20220111,level-03B,run-011,sub-cp042_ses-20220111_level-03B_run-011,True,True,True,True,True,True,True,False,True,8,ecg;eda;emg;eye_tracking;head_movement;performance;respiration;xplane
sub-cp042,ses-20220111,level-04B,run-004,sub-cp042_ses-20220111_level-04B_run-004,True,True,True,True,True,True,True,False,True,8,ecg;eda;emg;eye_tracking;head_movement;performance;respiration;xplane
sub-cp042,ses-20220111,level-04B,run-006,sub-cp042_ses-20220111_level-04B_run-006,True,True,True,True,True,True,True,False,True,8,ecg;eda;emg;eye_tracking;head_movement;performance;respiration;xplane
sub-cp042,ses-20220111,level-04B,run-009,sub-cp042_ses-20220111_level-04B_run-009,True,True,True,True,True,True,True,False,True,8,ecg;eda;emg;eye_tracking;head_movement;performance;respiration;xplane
sub-cp043,ses-20220127,level-000,run-001,sub-cp043_ses-20220127_level-000_run-001,True,True,True,True,True,True,True,False,False,7,ecg;eda;emg;eye_tracking;head_movement;respiration;xplane
sub-cp043,ses-20220127,level-000,run-002,sub-cp043_ses-20220127_level-000_run-002,True,True,True,True,True,True,True,False,False,7,ecg;eda;emg;eye_tracking;head_movement;respiration;xplane
sub-cp043,ses-20220127,level-01B,run-001,sub-cp043_ses-20220127_level-01B_run-001,True,True,True,True,True,True,True,False,True,8,ecg;eda;emg;eye_tracking;head_movement;performance;respiration;xplane
sub-cp043,ses-20220127,level-01B,run-007,sub-cp043_ses-20220127_level-01B_run-007,True,True,True,True,True,True,True,False,True,8,ecg;eda;emg;eye_tracking;head_movement;performance;respiration;xplane
sub-cp043,ses-20220127,level-01B,run-012,sub-cp043_ses-20220127_level-01B_run-012,True,True,True,True,True,True,True,False,True,8,ecg;eda;emg;eye_tracking;head_movement;performance;respiration;xplane
sub-cp043,ses-20220127,level-02B,run-003,sub-cp043_ses-20220127_level-02B_run-003,True,True,True,True,True,True,True,False,True,8,ecg;eda;emg;eye_tracking;head_movement;performance;respiration;xplane
sub-cp043,ses-20220127,level-02B,run-008,sub-cp043_ses-20220127_level-02B_run-008,True,True,True,True,True,True,True,False,True,8,ecg;eda;emg;eye_tracking;head_movement;performance;respiration;xplane
sub-cp043,ses-20220127,level-02B,run-010,sub-cp043_ses-20220127_level-02B_run-010,True,True,True,True,True,True,True,False,True,8,ecg;eda;emg;eye_tracking;head_movement;performance;respiration;xplane
sub-cp043,ses-20220127,level-03B,run-002,sub-cp043_ses-20220127_level-03B_run-002,True,True,True,True,True,True,True,False,True,8,ecg;eda;emg;eye_tracking;head_movement;performance;respiration;xplane
sub-cp043,ses-20220127,level-03B,run-005,sub-cp043_ses-20220127_level-03B_run-005,True,True,True,True,True,True,True,False,True,8,ecg;eda;emg;eye_tracking;head_movement;performance;respiration;xplane
sub-cp043,ses-20220127,level-03B,run-011,sub-cp043_ses-20220127_level-03B_run-011,True,True,True,True,True,True,True,False,True,8,ecg;eda;emg;eye_tracking;head_movement;performance;respiration;xplane
sub-cp043,ses-20220127,level-04B,run-004,sub-cp043_ses-20220127_level-04B_run-004,True,True,True,True,True,True,True,False,True,8,ecg;eda;emg;eye_tracking;head_movement;performance;respiration;xplane
sub-cp043,ses-20220127,level-04B,run-006,sub-cp043_ses-20220127_level-04B_run-006,True,True,True,True,True,True,True,False,True,8,ecg;eda;emg;eye_tracking;head_movement;performance;respiration;xplane
sub-cp043,ses-20220127,level-04B,run-009,sub-cp043_ses-20220127_level-04B_run-009,True,True,True,True,True,True,True,False,True,8,ecg;eda;emg;eye_tracking;head_movement;performance;respiration;xplane
